Jul 1 2014,106.81
Jun 30 2014,106.08
Jun 27 2014,105.21
Jun 26 2014,105.89
Jun 25 2014,105.47
Jun 24 2014,106.34
Jun 23 2014,106.50
Jun 20 2014,107.26
Jun 19 2014,106.72
Jun 18 2014,105.32
Jun 17 2014,105.33
Jun 16 2014,104.74
Jun 13 2014,104.80
Jun 12 2014,104.65
Jun 11 2014,104.98
Jun 10 2014,105.20
Jun 9 2014,105.94
Jun 6 2014,104.31
Jun 5 2014,102.95
Jun 4 2014,102.69
Jun 3 2014,102.45
Jun 2 2014,102.69
May 30 2014,102.68
May 29 2014,101.07
May 28 2014,100.27
May 27 2014,99.53
May 23 2014,98.73
May 22 2014,98.80
May 21 2014,98.27
May 20 2014,98.09
May 19 2014,98.32
May 16 2014,97.63
May 15 2014,98.31
May 14 2014,100.11
May 13 2014,100.57
May 12 2014,100.40
May 9 2014,99.06
May 8 2014,98.62
May 7 2014,96.84
May 6 2014,97.05
May 5 2014,96.54
May 2 2014,97.29
May 1 2014,96.80
Apr 30 2014,96.65
Apr 29 2014,97.62
Apr 28 2014,96.17
Apr 25 2014,96.86
Apr 24 2014,96.54
Apr 23 2014,96.84
Apr 22 2014,96.81
Apr 21 2014,96.74
Apr 17 2014,96.58
Apr 16 2014,96.00
Apr 15 2014,95.76
Apr 14 2014,95.08
Apr 11 2014,95.00
Apr 10 2014,97.23
Apr 9 2014,97.25
Apr 8 2014,97.92
Apr 7 2014,97.45
Apr 4 2014,98.06
Apr 3 2014,97.48
Apr 2 2014,97.14
Apr 1 2014,97.28
Mar 31 2014,96.87
Mar 28 2014,96.60
Mar 27 2014,96.12
Mar 26 2014,96.12
Mar 25 2014,95.97
Mar 24 2014,96.46
Mar 21 2014,97.61
Mar 20 2014,95.69
Mar 19 2014,97.56
Mar 18 2014,96.11
Mar 17 2014,96.55
Mar 14 2014,96.26
Mar 13 2014,98.43
Mar 12 2014,96.11
Mar 11 2014,97.16
Mar 10 2014,97.33
Mar 7 2014,98.09
Mar 6 2014,98.37
Mar 5 2014,99.16
Mar 4 2014,99.99
Mar 3 2014,99.09
Feb 28 2014,99.56
Feb 27 2014,98.51
Feb 26 2014,98.94
Feb 25 2014,98.55
Feb 24 2014,98.27
Feb 21 2014,98.29
Feb 20 2014,96.31
Feb 19 2014,95.31
Feb 18 2014,92.76
Feb 14 2014,91.20
Feb 13 2014,93.37
Feb 12 2014,93.37
Feb 11 2014,93.91
Feb 10 2014,93.21
Feb 7 2014,93.77
Feb 6 2014,93.39
Feb 5 2014,93.11
Feb 4 2014,94.24
Feb 3 2014,96.39
Jan 31 2014,96.62
Jan 30 2014,97.66
Jan 29 2014,98.14
Jan 28 2014,98.51
Jan 27 2014,98.05
Jan 24 2014,97.86
Jan 23 2014,98.03
Jan 22 2014,97.61
Jan 21 2014,97.80
Jan 17 2014,98.59
Jan 16 2014,98.69
Jan 15 2014,99.34
Jan 14 2014,97.52
Jan 13 2014,98.33
Jan 10 2014,98.00
Jan 9 2014,98.15
Jan 8 2014,101.29
Jan 7 2014,102.12
Jan 6 2014,101.97
Jan 3 2014,102.05
Jan 2 2014,103.64
Dec 31 2013,103.78
Dec 30 2013,103.00
Dec 27 2013,102.94
Dec 26 2013,102.50
Dec 24 2013,101.89
Dec 23 2013,102.50
Dec 20 2013,102.31
Dec 19 2013,101.50
Dec 18 2013,101.02
Dec 17 2013,101.43
Dec 16 2013,100.54
Dec 13 2013,101.51
Dec 12 2013,103.65
Dec 11 2013,103.63
Dec 10 2013,104.64
Dec 9 2013,104.95
Dec 6 2013,103.13
Dec 5 2013,103.93
Dec 4 2013,104.20
Dec 3 2013,104.62
Dec 2 2013,104.50
Nov 29 2013,105.77
Nov 27 2013,105.62
Nov 26 2013,104.31
Nov 25 2013,104.19
Nov 22 2013,102.91
Nov 21 2013,100.04
Nov 20 2013,101.97
Nov 19 2013,108.37
Nov 18 2013,109.73
Nov 15 2013,109.03
Nov 14 2013,108.17
Nov 13 2013,105.46
Nov 12 2013,107.50
Nov 11 2013,108.68
Nov 8 2013,107.46
Nov 7 2013,111.82
Nov 6 2013,111.36
Nov 5 2013,110.15
Nov 4 2013,111.39
Nov 1 2013,111.09
Oct 31 2013,111.27
Oct 30 2013,112.83
Oct 29 2013,112.15
Oct 28 2013,110.21
Oct 25 2013,109.45
Oct 24 2013,108.82
Oct 23 2013,108.28
Oct 22 2013,106.99
Oct 21 2013,107.72
Oct 18 2013,108.87
Oct 17 2013,107.46
Oct 16 2013,106.46
Oct 15 2013,106.45
Oct 14 2013,106.40
Oct 11 2013,106.05
Oct 10 2013,105.35
Oct 9 2013,105.53
Oct 8 2013,105.57
Oct 7 2013,105.70
Oct 4 2013,104.68
Oct 3 2013,104.64
Oct 2 2013,105.16
Oct 1 2013,105.10
Sep 30 2013,104.65
Sep 27 2013,105.05
Sep 26 2013,105.87
Sep 25 2013,106.57
Sep 24 2013,106.17
Sep 23 2013,107.20
Sep 20 2013,107.27
Sep 19 2013,108.57
Sep 18 2013,108.40
Sep 17 2013,108.31
Sep 16 2013,108.66
Sep 13 2013,107.63
Sep 12 2013,107.28
Sep 11 2013,108.83
Sep 10 2013,108.66
Sep 9 2013,106.39
Sep 6 2013,107.01
Sep 5 2013,106.22
Sep 4 2013,105.18
Sep 3 2013,106.47
Aug 30 2013,106.10
Aug 29 2013,105.00
Aug 28 2013,106.35
Aug 27 2013,106.58
Aug 26 2013,108.84
Aug 23 2013,107.41
Aug 22 2013,107.70
Aug 21 2013,109.20
Aug 20 2013,108.98
Aug 19 2013,110.18
Aug 16 2013,110.19
Aug 15 2013,111.91
Aug 14 2013,113.32
Aug 13 2013,113.51
Aug 12 2013,113.25
Aug 9 2013,112.98
Aug 8 2013,114.32
Aug 7 2013,113.59
Aug 6 2013,114.36
Aug 5 2013,113.97
Aug 2 2013,113.62
Aug 1 2013,113.39
Jul 31 2013,112.73
Jul 30 2013,112.77
Jul 29 2013,111.59
Jul 26 2013,110.36
Jul 25 2013,109.14
Jul 24 2013,109.72
Jul 23 2013,108.71
Jul 22 2013,108.20
Jul 19 2013,107.43
Jul 18 2013,106.66
Jul 17 2013,107.50
Jul 16 2013,107.02
Jul 15 2013,105.85
Jul 12 2013,105.73
Jul 11 2013,105.60
Jul 10 2013,104.62
Jul 9 2013,104.86
Jul 8 2013,103.58
Jul 5 2013,102.92
Jul 3 2013,103.17
Jul 2 2013,103.80
Jul 1 2013,103.42
Jun 28 2013,102.50
Jun 27 2013,102.22
Jun 26 2013,101.50
Jun 25 2013,100.70
Jun 24 2013,100.01
Jun 21 2013,100.47
Jun 20 2013,101.78
Jun 19 2013,103.50
Jun 18 2013,103.07
Jun 17 2013,103.12
Jun 14 2013,101.46
Jun 13 2013,100.96
Jun 12 2013,101.32
Jun 11 2013,99.65
Jun 10 2013,101.49
Jun 7 2013,98.98
Jun 6 2013,103.80
Jun 5 2013,102.25
Jun 4 2013,102.14
Jun 3 2013,101.23
May 31 2013,102.45
May 30 2013,103.06
May 29 2013,104.52
May 28 2013,104.01
May 24 2013,102.11
May 23 2013,101.41
May 22 2013,102.26
May 21 2013,102.08
May 20 2013,102.71
May 17 2013,103.19
May 16 2013,103.73
May 15 2013,104.15
May 14 2013,104.30
May 13 2013,103.37
May 10 2013,102.39
May 9 2013,103.72
May 8 2013,103.72
May 7 2013,102.79
May 6 2013,103.27
May 3 2013,103.74
May 2 2013,102.06
May 1 2013,102.94
Apr 30 2013,102.16
Apr 29 2013,102.28
Apr 26 2013,102.13
Apr 25 2013,103.00
Apr 24 2013,104.98
Apr 23 2013,103.54
Apr 22 2013,103.24
Apr 19 2013,101.65
Apr 18 2013,101.94
Apr 17 2013,101.68
Apr 16 2013,100.12
Apr 15 2013,101.04
Apr 12 2013,99.66
Apr 11 2013,99.26
Apr 10 2013,98.28
Apr 9 2013,98.42
Apr 8 2013,97.95
Apr 5 2013,98.44
Apr 4 2013,97.89
Apr 3 2013,99.03
Apr 2 2013,99.13
Apr 1 2013,99.32
Mar 28 2013,97.30
Mar 27 2013,97.01
Mar 26 2013,96.40
Mar 25 2013,96.89
Mar 22 2013,96.13
Mar 21 2013,96.53
Mar 20 2013,96.82
Mar 19 2013,96.34
Mar 18 2013,96.38
Mar 15 2013,97.42
Mar 14 2013,97.70
Mar 13 2013,97.50
Mar 12 2013,97.40
Mar 11 2013,97.12
Mar 8 2013,97.38
Mar 7 2013,96.79
Mar 6 2013,97.36
Mar 5 2013,97.04
Mar 4 2013,96.23
Mar 1 2013,95.25
Feb 28 2013,95.23
Feb 27 2013,93.10
Feb 26 2013,91.92
Feb 25 2013,93.09
Feb 22 2013,92.05
Feb 21 2013,91.49
Feb 20 2013,91.77
Feb 19 2013,92.53
Feb 15 2013,92.22
Feb 14 2013,90.81
Feb 13 2013,90.83
Feb 12 2013,89.92
Feb 11 2013,89.09
Feb 8 2013,89.04
Feb 7 2013,88.95
Feb 6 2013,89.12
Feb 5 2013,89.35
Feb 4 2013,89.90
Feb 1 2013,89.19
Jan 31 2013,88.87
Jan 30 2013,88.65
Jan 29 2013,88.64
Jan 28 2013,89.58
Jan 25 2013,90.18
Jan 24 2013,89.81
Jan 23 2013,89.91
Jan 22 2013,89.53
Jan 18 2013,89.75
Jan 17 2013,88.82
Jan 16 2013,88.34
Jan 15 2013,88.31
Jan 14 2013,88.22
Jan 11 2013,89.17
Jan 10 2013,89.90
Jan 9 2013,89.69
Jan 8 2013,90.23
Jan 7 2013,89.83
Jan 4 2013,89.23
Jan 3 2013,89.65
Jan 2 2013,86.48
Dec 31 2012,85.13
Dec 28 2012,85.29
Dec 27 2012,85.29
Dec 26 2012,86.32
Dec 24 2012,86.27
Dec 21 2012,86.59
Dec 20 2012,86.07
Dec 19 2012,87.27
Dec 18 2012,87.84
Dec 17 2012,87.36
Dec 14 2012,87.29
Dec 13 2012,87.81
Dec 12 2012,88.01
Dec 11 2012,88.01
Dec 10 2012,87.70
Dec 7 2012,88.25
Dec 6 2012,88.30
Dec 5 2012,89.08
Dec 4 2012,88.91
Dec 3 2012,88.18
Nov 30 2012,87.77
Nov 29 2012,87.41
Nov 28 2012,85.93
Nov 27 2012,86.45
Nov 26 2012,85.87
Nov 23 2012,85.17
Nov 21 2012,84.57
Nov 20 2012,84.64
Nov 19 2012,84.20
Nov 16 2012,83.87
Nov 15 2012,85.46
Nov 14 2012,86.67
Nov 13 2012,84.79
Nov 12 2012,84.32
Nov 9 2012,83.56
Nov 8 2012,84.35
Nov 7 2012,85.63
Nov 6 2012,85.23
Nov 5 2012,84.72
Nov 2 2012,85.93
Nov 1 2012,85.68
Oct 31 2012,85.41
Oct 26 2012,85.91
Oct 25 2012,86.68
Oct 24 2012,85.28
Oct 23 2012,84.41
Oct 22 2012,84.77
Oct 19 2012,85.04
Oct 18 2012,85.10
Oct 17 2012,84.59
Oct 16 2012,84.08
Oct 15 2012,83.71
Oct 12 2012,83.80
Oct 11 2012,83.93
Oct 10 2012,84.16
Oct 9 2012,85.28
Oct 8 2012,86.23
Oct 5 2012,87.05
Oct 4 2012,87.54
Oct 3 2012,87.09
Oct 2 2012,87.00
Oct 1 2012,86.49
Sep 28 2012,85.57
Sep 27 2012,85.89
Sep 26 2012,86.18
Sep 25 2012,87.34
Sep 24 2012,85.91
Sep 21 2012,87.19
Sep 20 2012,86.68
Sep 19 2012,86.93
Sep 18 2012,87.00
Sep 17 2012,86.22
Sep 14 2012,86.91
Sep 13 2012,86.10
Sep 12 2012,86.21
Sep 11 2012,85.91
Sep 10 2012,85.34
Sep 7 2012,87.06
Sep 6 2012,86.36
Sep 5 2012,86.10
Sep 4 2012,85.17
Aug 31 2012,84.82
Aug 30 2012,84.63
Aug 29 2012,84.52
Aug 28 2012,84.94
Aug 27 2012,84.40
Aug 24 2012,84.15
Aug 23 2012,84.07
Aug 22 2012,84.12
Aug 21 2012,84.42
Aug 20 2012,83.16
Aug 17 2012,82.91
Aug 16 2012,79.01
Aug 15 2012,78.28
Aug 14 2012,78.07
Aug 13 2012,77.30
Aug 10 2012,76.51
Aug 9 2012,76.86
Aug 8 2012,76.43
Aug 7 2012,76.70
Aug 6 2012,76.03
Aug 3 2012,75.79
Aug 2 2012,75.54
Aug 1 2012,77.06
Jul 31 2012,77.13
Jul 30 2012,76.30
Jul 27 2012,76.30
Jul 26 2012,76.07
Jul 25 2012,75.24
Jul 24 2012,76.01
Jul 23 2012,76.20
Jul 20 2012,76.71
Jul 19 2012,75.91
Jul 18 2012,76.00
Jul 17 2012,76.67
Jul 16 2012,76.44
Jul 13 2012,75.12
Jul 12 2012,74.54
Jul 11 2012,75.06
Jul 10 2012,74.98
Jul 9 2012,75.21
Jul 6 2012,75.55
Jul 5 2012,75.89
Jul 3 2012,76.50
Jul 2 2012,75.68
Jun 29 2012,75.26
Jun 28 2012,73.39
Jun 27 2012,73.73
Jun 26 2012,74.25
Jun 25 2012,75.23
Jun 22 2012,75.98
Jun 21 2012,76.75
Jun 20 2012,76.54
Jun 19 2012,76.28
Jun 18 2012,75.49
Jun 15 2012,75.74
Jun 14 2012,75.96
Jun 13 2012,75.64
Jun 12 2012,75.40
Jun 11 2012,75.95
Jun 8 2012,75.92
Jun 7 2012,76.00
Jun 6 2012,74.82
Jun 5 2012,75.04
Jun 4 2012,74.95
Jun 1 2012,75.80
May 31 2012,77.14
May 30 2012,77.74
May 29 2012,78.29
May 25 2012,77.17
May 24 2012,77.03
May 23 2012,76.72
May 22 2012,76.58
May 21 2012,76.21
May 18 2012,77.43
May 17 2012,77.89
May 16 2012,77.01
May 15 2012,77.31
May 14 2012,76.49
May 11 2012,76.84
May 10 2012,76.11
May 9 2012,75.25
May 8 2012,75.87
May 7 2012,75.95
May 4 2012,77.25
May 3 2012,78.78
May 2 2012,79.42
May 1 2012,79.71
Apr 30 2012,79.40
Apr 27 2012,79.57
Apr 26 2012,78.63
Apr 25 2012,78.80
Apr 24 2012,78.28
Apr 23 2012,79.36
Apr 20 2012,79.35
Apr 19 2012,79.52
Apr 18 2012,79.67
Apr 17 2012,79.19
Apr 16 2012,79.52
Apr 13 2012,79.34
Apr 12 2012,79.80
Apr 11 2012,80.98
Apr 10 2012,80.75
Apr 9 2012,80.46
Apr 5 2012,81.14
Apr 4 2012,81.02
Apr 3 2012,81.47
Apr 2 2012,81.35
Mar 30 2012,81.49
Mar 29 2012,80.78
Mar 28 2012,80.73
Mar 27 2012,80.07
Mar 26 2012,80.31
Mar 23 2012,79.59
Mar 22 2012,78.88
Mar 21 2012,79.00
Mar 20 2012,78.00
Mar 19 2012,77.70
Mar 16 2012,77.71
Mar 15 2012,76.41
Mar 14 2012,76.10
Mar 13 2012,75.61
Mar 12 2012,74.82
Mar 9 2012,75.51
Mar 8 2012,75.50
Mar 7 2012,75.25
Mar 6 2012,75.92
Mar 5 2012,76.17
Mar 2 2012,75.99
Mar 1 2012,75.40
Feb 29 2012,74.38
Feb 28 2012,74.82
Feb 27 2012,74.38
Feb 24 2012,73.77
Feb 23 2012,72.74
Feb 22 2012,72.11
Feb 21 2012,73.15
Feb 17 2012,72.08
Feb 16 2012,72.23
Feb 15 2012,79.76
Feb 14 2012,79.19
Feb 13 2012,79.20
Feb 10 2012,78.72
Feb 9 2012,78.79
Feb 8 2012,78.97
Feb 7 2012,79.50
Feb 6 2012,79.16
Feb 3 2012,80.34
Feb 2 2012,79.68
Feb 1 2012,79.09
Jan 31 2012,78.54
Jan 30 2012,78.25
Jan 27 2012,78.93
Jan 26 2012,81.07
Jan 25 2012,80.77
Jan 24 2012,80.79
Jan 23 2012,80.29
Jan 20 2012,80.75
Jan 19 2012,81.01
Jan 18 2012,80.25
Jan 17 2012,79.33
Jan 13 2012,78.94
Jan 12 2012,78.93
Jan 11 2012,78.50
Jan 10 2012,78.21
Jan 9 2012,77.60
Jan 6 2012,77.81
Jan 5 2012,77.12
Jan 4 2012,77.00
Jan 3 2012,79.07
Dec 30 2011,78.75
Dec 29 2011,78.62
Dec 28 2011,78.74
Dec 27 2011,78.86
Dec 23 2011,78.54
Dec 22 2011,78.77
Dec 21 2011,78.53
Dec 20 2011,77.37
Dec 19 2011,76.99
Dec 16 2011,77.05
Dec 15 2011,76.82
Dec 14 2011,76.28
Dec 13 2011,76.62
Dec 12 2011,77.40
Dec 9 2011,76.46
Dec 8 2011,76.39
Dec 7 2011,76.40
Dec 6 2011,75.92
Dec 5 2011,75.57
Dec 2 2011,75.37
Dec 1 2011,75.72
Nov 30 2011,75.19
Nov 29 2011,73.92
Nov 28 2011,74.10
Nov 25 2011,72.23
Nov 23 2011,73.03
Nov 22 2011,74.06
Nov 21 2011,72.99
Nov 18 2011,72.31
Nov 17 2011,72.47
Nov 16 2011,75.21
Nov 15 2011,75.92
Nov 14 2011,76.80
Nov 11 2011,77.68
Nov 10 2011,76.29
Nov 9 2011,76.86
Nov 8 2011,78.65
Nov 7 2011,78.77
Nov 4 2011,78.84
Nov 3 2011,78.81
Nov 2 2011,77.71
Nov 1 2011,75.70
Oct 31 2011,76.57
Oct 28 2011,76.92
Oct 27 2011,77.66
Oct 26 2011,76.58
Oct 25 2011,77.01
Oct 24 2011,76.82
Oct 21 2011,76.37
Oct 20 2011,74.80
Oct 19 2011,75.58
Oct 18 2011,74.28
Oct 17 2011,75.36
Oct 14 2011,75.30
Oct 13 2011,73.90
Oct 12 2011,74.09
Oct 11 2011,73.42
Oct 10 2011,73.67
Oct 7 2011,72.61
Oct 6 2011,70.81
Oct 5 2011,71.93
Oct 4 2011,71.37
Oct 3 2011,72.23
Sep 30 2011,73.24
Sep 29 2011,74.60
Sep 28 2011,75.58
Sep 27 2011,76.46
Sep 26 2011,74.91
Sep 23 2011,72.74
Sep 22 2011,72.28
Sep 21 2011,73.71
Sep 20 2011,73.87
Sep 19 2011,72.77
Sep 16 2011,73.93
Sep 15 2011,74.23
Sep 14 2011,71.80
Sep 13 2011,70.98
Sep 12 2011,70.21
Sep 9 2011,71.19
Sep 8 2011,71.84
Sep 7 2011,71.26
Sep 6 2011,69.67
Sep 2 2011,70.92
Sep 1 2011,71.96
Aug 31 2011,71.26
Aug 30 2011,70.44
Aug 29 2011,69.67
Aug 26 2011,67.46
Aug 25 2011,69.16
Aug 24 2011,68.82
Aug 23 2011,67.88
Aug 22 2011,68.87
Aug 19 2011,69.38
Aug 18 2011,73.87
Aug 17 2011,75.31
Aug 16 2011,75.00
Aug 15 2011,75.16
Aug 12 2011,74.66
Aug 11 2011,71.86
Aug 10 2011,70.47
Aug 9 2011,71.28
Aug 8 2011,72.03
Aug 5 2011,74.09
Aug 4 2011,75.35
Aug 3 2011,75.41
Aug 2 2011,76.78
Aug 1 2011,78.53
Jul 29 2011,77.97
Jul 28 2011,78.67
Jul 27 2011,78.75
Jul 26 2011,79.40
Jul 25 2011,80.00
Jul 22 2011,79.82
Jul 21 2011,78.94
Jul 20 2011,78.72
Jul 19 2011,76.82
Jul 18 2011,75.96
Jul 15 2011,76.08
Jul 14 2011,76.45
Jul 13 2011,76.73
Jul 12 2011,75.62
Jul 11 2011,75.71
Jul 8 2011,76.46
Jul 7 2011,76.93
Jul 6 2011,76.18
Jul 5 2011,76.73
Jul 1 2011,76.42
Jun 30 2011,76.59
Jun 29 2011,76.29
Jun 28 2011,75.79
Jun 27 2011,75.15
Jun 24 2011,76.38
Jun 23 2011,77.17
Jun 22 2011,78.11
Jun 21 2011,78.23
Jun 20 2011,77.07
Jun 17 2011,76.40
Jun 16 2011,76.40
Jun 15 2011,77.48
Jun 14 2011,77.58
Jun 13 2011,77.19
Jun 10 2011,77.73
Jun 9 2011,76.83
Jun 8 2011,77.86
Jun 7 2011,77.70
Jun 6 2011,78.24
Jun 3 2011,78.14
Jun 2 2011,78.28
Jun 1 2011,79.30
May 31 2011,78.85
May 27 2011,77.83
May 26 2011,76.17
May 25 2011,77.06
May 24 2011,77.15
May 23 2011,77.26
May 20 2011,77.15
May 19 2011,76.50
May 18 2011,76.66
May 17 2011,75.22
May 16 2011,75.45
May 13 2011,75.92
May 12 2011,74.74
May 11 2011,75.03
May 10 2011,74.89
May 9 2011,74.12
May 6 2011,74.65
May 5 2011,74.70
May 4 2011,75.21
May 3 2011,75.09
May 2 2011,75.38
Apr 29 2011,74.92
Apr 28 2011,74.73
Apr 27 2011,74.45
Apr 26 2011,73.10
Apr 25 2011,73.94
Apr 21 2011,74.32
Apr 20 2011,73.79
Apr 19 2011,73.69
Apr 18 2011,74.01
Apr 15 2011,74.56
Apr 14 2011,74.14
Apr 13 2011,73.89
Apr 12 2011,72.84
Apr 11 2011,73.07
Apr 8 2011,73.45
Apr 7 2011,73.29
Apr 6 2011,73.24
Apr 5 2011,72.94
Apr 4 2011,72.47
Apr 1 2011,71.64
Mar 31 2011,71.30
Mar 30 2011,72.18
Mar 29 2011,72.35
Mar 28 2011,72.55
Mar 25 2011,72.02
Mar 24 2011,72.11
Mar 23 2011,71.60
Mar 22 2011,72.28
Mar 21 2011,70.71
Mar 18 2011,69.99
Mar 17 2011,70.02
Mar 16 2011,69.57
Mar 15 2011,69.53
Mar 14 2011,70.90
Mar 11 2011,70.42
Mar 10 2011,70.40
Mar 9 2011,70.16
Mar 8 2011,68.64
Mar 7 2011,69.81
Mar 4 2011,69.62
Mar 3 2011,68.65
Mar 2 2011,67.88
Mar 1 2011,68.87
Feb 28 2011,68.67
Feb 25 2011,67.70
Feb 24 2011,67.56
Feb 23 2011,67.37
Feb 22 2011,66.85
Feb 18 2011,67.64
Feb 17 2011,64.80
Feb 16 2011,63.01
Feb 15 2011,62.72
Feb 14 2011,63.08
Feb 11 2011,62.28
Feb 10 2011,62.94
Feb 9 2011,63.43
Feb 8 2011,62.87
Feb 7 2011,62.65
Feb 4 2011,62.15
Feb 3 2011,61.26
Feb 2 2011,61.73
Feb 1 2011,62.39
Jan 31 2011,61.91
Jan 28 2011,61.88
Jan 27 2011,62.44
Jan 26 2011,63.31
Jan 25 2011,63.53
Jan 24 2011,63.35
Jan 21 2011,63.75
Jan 20 2011,63.27
Jan 19 2011,63.79
Jan 18 2011,63.31
Jan 14 2011,64.09
Jan 13 2011,63.81
Jan 12 2011,64.14
Jan 11 2011,63.34
Jan 10 2011,62.56
Jan 7 2011,62.74
Jan 6 2011,63.16
Jan 5 2011,63.02
Jan 4 2011,64.27
Jan 3 2011,65.97
Dec 31 2010,65.39
Dec 30 2010,65.38
Dec 29 2010,65.52
Dec 28 2010,65.86
Dec 27 2010,65.60
Dec 23 2010,65.26
Dec 22 2010,65.62
Dec 21 2010,65.80
Dec 20 2010,65.86
Dec 17 2010,65.31
Dec 16 2010,65.55
Dec 15 2010,65.33
Dec 14 2010,65.53
Dec 13 2010,65.62
Dec 10 2010,65.51
Dec 9 2010,65.71
Dec 8 2010,65.28
Dec 7 2010,65.14
Dec 6 2010,65.16
Dec 3 2010,65.06
Dec 2 2010,64.52
Dec 1 2010,63.62
Nov 30 2010,62.53
Nov 29 2010,62.45
Nov 26 2010,62.67
Nov 24 2010,62.87
Nov 23 2010,62.52
Nov 22 2010,62.06
Nov 19 2010,62.23
Nov 18 2010,63.35
Nov 17 2010,63.23
Nov 16 2010,62.75
Nov 15 2010,63.22
Nov 12 2010,62.93
Nov 11 2010,62.76
Nov 10 2010,63.37
Nov 9 2010,64.22
Nov 8 2010,64.22
Nov 5 2010,64.46
Nov 4 2010,64.48
Nov 3 2010,64.20
Nov 2 2010,64.54
Nov 1 2010,64.35
Oct 29 2010,63.53
Oct 28 2010,62.86
Oct 27 2010,62.64
Oct 26 2010,63.09
Oct 25 2010,63.28
Oct 22 2010,63.04
Oct 21 2010,62.94
Oct 20 2010,62.34
Oct 19 2010,62.74
Oct 18 2010,62.86
Oct 15 2010,63.36
Oct 14 2010,62.95
Oct 13 2010,62.24
Oct 12 2010,61.99
Oct 11 2010,61.85
Oct 8 2010,62.19
Oct 7 2010,62.24
Oct 6 2010,61.71
Oct 5 2010,60.96
Oct 4 2010,60.28
Oct 1 2010,60.66
Sep 30 2010,60.83
Sep 29 2010,61.17
Sep 28 2010,61.22
Sep 27 2010,61.30
Sep 24 2010,61.14
Sep 23 2010,61.58
Sep 22 2010,61.85
Sep 21 2010,61.74
Sep 20 2010,61.30
Sep 17 2010,61.01
Sep 16 2010,60.50
Sep 15 2010,60.28
Sep 14 2010,60.79
Sep 13 2010,61.46
Sep 10 2010,61.29
Sep 9 2010,61.05
Sep 8 2010,60.25
Sep 7 2010,60.18
Sep 3 2010,59.80
Sep 2 2010,60.00
Sep 1 2010,58.96
Aug 31 2010,58.18
Aug 30 2010,58.46
Aug 27 2010,58.42
Aug 26 2010,58.90
Aug 25 2010,58.73
Aug 24 2010,59.57
Aug 23 2010,59.86
Aug 20 2010,58.21
Aug 19 2010,58.49
Aug 18 2010,59.20
Aug 17 2010,58.68
Aug 16 2010,57.82
Aug 13 2010,57.87
Aug 12 2010,57.23
Aug 11 2010,57.80
Aug 10 2010,58.46
Aug 9 2010,58.85
Aug 6 2010,58.48
Aug 5 2010,59.62
Aug 4 2010,59.51
Aug 3 2010,59.29
Aug 2 2010,61.02
Jul 30 2010,60.78
Jul 29 2010,62.22
Jul 28 2010,63.52
Jul 27 2010,63.32
Jul 26 2010,62.99
Jul 23 2010,62.31
Jul 22 2010,61.88
Jul 21 2010,61.78
Jul 20 2010,61.04
Jul 19 2010,61.68
Jul 16 2010,62.64
Jul 15 2010,62.42
Jul 14 2010,62.37
Jul 13 2010,62.60
Jul 12 2010,62.36
Jul 9 2010,62.64
Jul 8 2010,62.52
Jul 7 2010,61.07
Jul 6 2010,59.98
Jul 2 2010,59.93
Jul 1 2010,60.00
Jun 30 2010,60.39
Jun 29 2010,61.68
Jun 28 2010,61.96
Jun 25 2010,62.86
Jun 24 2010,61.18
Jun 23 2010,61.99
Jun 22 2010,61.88
Jun 21 2010,62.70
Jun 18 2010,62.60
Jun 17 2010,59.39
Jun 16 2010,57.10
Jun 15 2010,57.16
Jun 14 2010,56.38
Jun 11 2010,56.24
Jun 10 2010,55.88
Jun 9 2010,55.37
Jun 8 2010,55.01
Jun 7 2010,55.31
Jun 4 2010,55.51
Jun 3 2010,56.14
Jun 2 2010,54.82
Jun 1 2010,54.81
May 28 2010,56.21
May 27 2010,56.11
May 26 2010,55.69
May 25 2010,54.60
May 24 2010,55.67
May 21 2010,53.27
May 20 2010,57.32
May 19 2010,57.94
May 18 2010,58.64
May 17 2010,57.94
May 14 2010,58.10
May 13 2010,57.91
May 12 2010,58.73
May 11 2010,58.50
May 10 2010,59.79
May 7 2010,58.96
May 6 2010,60.68
May 5 2010,60.19
May 4 2010,60.35
May 3 2010,61.13
Apr 30 2010,61.58
Apr 29 2010,61.89
Apr 28 2010,61.43
Apr 27 2010,62.41
Apr 26 2010,63.17
Apr 23 2010,62.94
Apr 22 2010,62.63
Apr 21 2010,63.39
Apr 20 2010,62.86
Apr 19 2010,61.81
Apr 16 2010,61.90
Apr 15 2010,62.25
Apr 14 2010,62.49
Apr 13 2010,62.09
Apr 12 2010,62.10
Apr 9 2010,61.06
Apr 8 2010,60.55
Apr 7 2010,60.80
Apr 6 2010,60.14
Apr 5 2010,60.50
Apr 1 2010,60.50
Mar 31 2010,60.34
Mar 30 2010,60.01
Mar 29 2010,59.94
Mar 26 2010,60.66
Mar 25 2010,61.20
Mar 24 2010,61.01
Mar 23 2010,60.52
Mar 22 2010,59.75
Mar 19 2010,59.79
Mar 18 2010,60.17
Mar 17 2010,59.60
Mar 16 2010,59.43
Mar 15 2010,59.16
Mar 12 2010,58.92
Mar 11 2010,59.01
Mar 10 2010,59.28
Mar 9 2010,59.17
Mar 8 2010,59.48
Mar 5 2010,59.87
Mar 4 2010,59.60
Mar 3 2010,59.85
Mar 2 2010,59.55
Mar 1 2010,59.92
Feb 26 2010,59.52
Feb 25 2010,58.12
Feb 24 2010,60.15
Feb 23 2010,60.35
Feb 22 2010,60.75
Feb 19 2010,60.74
Feb 18 2010,60.33
Feb 17 2010,59.79
Feb 16 2010,59.14
Feb 12 2010,59.33
Feb 11 2010,59.59
Feb 10 2010,59.94
Feb 9 2010,59.92
Feb 8 2010,59.55
Feb 5 2010,60.04
Feb 4 2010,61.60
Feb 3 2010,62.34
Feb 2 2010,61.21
Feb 1 2010,60.18
Jan 29 2010,61.11
Jan 28 2010,61.14
Jan 27 2010,60.59
Jan 26 2010,60.26
Jan 25 2010,60.33
Jan 22 2010,60.37
Jan 21 2010,61.54
Jan 20 2010,62.15
Jan 19 2010,61.79
Jan 15 2010,62.01
Jan 14 2010,62.46
Jan 13 2010,62.65
Jan 12 2010,61.91
Jan 11 2010,62.39
Jan 8 2010,61.89
Jan 7 2010,62.44
Jan 6 2010,61.88
Jan 5 2010,62.22
Jan 4 2010,62.20
Dec 31 2009,62.58
Dec 30 2009,62.22
Dec 29 2009,62.23
Dec 28 2009,61.59
Dec 24 2009,61.01
Dec 23 2009,61.08
Dec 22 2009,60.82
Dec 21 2009,60.27
Dec 18 2009,61.47
Dec 17 2009,61.21
Dec 16 2009,61.17
Dec 15 2009,60.66
Dec 14 2009,60.77
Dec 11 2009,59.89
Dec 10 2009,59.64
Dec 9 2009,59.13
Dec 8 2009,59.19
Dec 7 2009,59.88
Dec 4 2009,59.71
Dec 3 2009,60.00
Dec 2 2009,59.84
Dec 1 2009,59.57
Nov 30 2009,58.60
Nov 27 2009,58.07
Nov 25 2009,58.57
Nov 24 2009,58.28
Nov 23 2009,57.77
Nov 20 2009,55.83
Nov 19 2009,53.71
Nov 18 2009,54.29
Nov 17 2009,54.10
Nov 16 2009,53.86
Nov 13 2009,53.90
Nov 12 2009,54.18
Nov 11 2009,54.50
Nov 10 2009,53.58
Nov 9 2009,53.26
Nov 6 2009,52.81
Nov 5 2009,52.10
Nov 4 2009,51.96
Nov 3 2009,52.16
Nov 2 2009,52.90
Oct 30 2009,52.65
Oct 29 2009,52.07
Oct 28 2009,52.84
Oct 27 2009,52.55
Oct 26 2009,52.96
Oct 23 2009,53.54
Oct 22 2009,53.88
Oct 21 2009,54.42
Oct 20 2009,54.53
Oct 19 2009,54.48
Oct 16 2009,54.12
Oct 15 2009,53.65
Oct 14 2009,53.89
Oct 13 2009,53.92
Oct 12 2009,54.22
Oct 9 2009,54.38
Oct 8 2009,54.22
Oct 7 2009,54.12
Oct 6 2009,53.75
Oct 5 2009,53.58
Oct 2 2009,53.02
Oct 1 2009,52.98
Sep 30 2009,54.02
Sep 29 2009,54.27
Sep 28 2009,53.74
Sep 25 2009,53.34
Sep 24 2009,53.87
Sep 23 2009,53.50
Sep 22 2009,53.73
Sep 21 2009,53.09
Sep 18 2009,52.19
Sep 17 2009,52.55
Sep 16 2009,52.70
Sep 15 2009,53.24
Sep 14 2009,53.62
Sep 11 2009,53.61
Sep 10 2009,53.20
Sep 9 2009,53.06
Sep 8 2009,51.96
Sep 4 2009,51.27
Sep 3 2009,51.57
Sep 2 2009,51.31
Sep 1 2009,52.24
Aug 31 2009,51.85
Aug 28 2009,51.88
Aug 27 2009,51.69
Aug 26 2009,52.63
Aug 25 2009,53.27
Aug 24 2009,54.30
Aug 21 2009,53.95
Aug 20 2009,50.99
Aug 19 2009,50.12
Aug 18 2009,50.82
Aug 17 2009,51.77
Aug 14 2009,52.20
Aug 13 2009,51.44
Aug 12 2009,51.40
Aug 11 2009,51.70
Aug 10 2009,50.57
Aug 7 2009,49.75
Aug 6 2009,49.47
Aug 5 2009,49.74
Aug 4 2009,50.00
Aug 3 2009,50.42
Jul 31 2009,50.31
Jul 30 2009,50.85
Jul 29 2009,50.41
Jul 28 2009,50.28
Jul 27 2009,50.65
Jul 24 2009,50.10
Jul 23 2009,49.79
Jul 22 2009,49.63
Jul 21 2009,49.83
Jul 20 2009,49.48
Jul 17 2009,49.55
Jul 16 2009,49.82
Jul 15 2009,49.16
Jul 14 2009,48.72
Jul 13 2009,48.23
Jul 10 2009,47.70
Jul 9 2009,48.50
Jul 8 2009,48.56
Jul 7 2009,48.76
Jul 6 2009,48.01
Jul 2 2009,48.65
Jul 1 2009,48.75
Jun 30 2009,48.90
Jun 29 2009,48.19
Jun 26 2009,48.61
Jun 25 2009,48.15
Jun 24 2009,48.12
Jun 23 2009,47.69
Jun 22 2009,47.25
Jun 19 2009,47.84
Jun 18 2009,47.79
Jun 17 2009,43.10
Jun 16 2009,43.84
Jun 15 2009,43.90
Jun 12 2009,43.77
Jun 11 2009,43.26
Jun 10 2009,44.06
Jun 9 2009,43.97
Jun 8 2009,43.39
Jun 5 2009,43.49
Jun 4 2009,42.98
Jun 3 2009,42.23
Jun 2 2009,41.39
Jun 1 2009,40.68
May 29 2009,40.05
May 28 2009,40.00
May 27 2009,40.44
May 26 2009,39.40
May 22 2009,39.68
May 21 2009,39.91
May 20 2009,40.88
May 19 2009,39.75
May 18 2009,39.86
May 15 2009,40.26
May 14 2009,40.23
May 13 2009,40.58
May 12 2009,40.51
May 11 2009,40.32
May 8 2009,40.27
May 7 2009,40.86
May 6 2009,41.25
May 5 2009,40.96
May 4 2009,39.43
May 1 2009,39.40
Apr 30 2009,39.17
Apr 29 2009,38.15
Apr 28 2009,38.00
Apr 27 2009,38.25
Apr 24 2009,38.73
Apr 23 2009,38.34
Apr 22 2009,38.84
Apr 21 2009,38.56
Apr 20 2009,38.47
Apr 17 2009,39.15
Apr 16 2009,38.90
Apr 15 2009,38.01
Apr 14 2009,38.43
Apr 13 2009,38.67
Apr 9 2009,39.25
Apr 8 2009,37.77
Apr 7 2009,37.27
Apr 6 2009,37.81
Apr 3 2009,37.67
Apr 2 2009,37.93
Apr 1 2009,37.00
Mar 31 2009,36.60
Mar 30 2009,36.22
Mar 27 2009,36.22
Mar 26 2009,36.42
Mar 25 2009,37.27
Mar 24 2009,37.55
Mar 23 2009,36.90
Mar 20 2009,36.28
Mar 19 2009,36.78
Mar 18 2009,36.89
Mar 17 2009,36.40
Mar 16 2009,36.60
Mar 13 2009,35.99
Mar 12 2009,34.41
Mar 11 2009,34.91
Mar 10 2009,35.05
Mar 9 2009,34.74
Mar 6 2009,34.66
Mar 5 2009,34.98
Mar 4 2009,35.67
Mar 3 2009,36.49
Mar 2 2009,36.58
Feb 27 2009,36.89
Feb 26 2009,38.77
Feb 25 2009,39.86
Feb 24 2009,40.59
Feb 23 2009,41.92
Feb 20 2009,41.02
Feb 19 2009,41.39
Feb 18 2009,42.12
Feb 17 2009,42.70
Feb 13 2009,43.54
Feb 12 2009,42.67
Feb 11 2009,42.25
Feb 10 2009,42.97
Feb 9 2009,44.53
Feb 6 2009,44.63
Feb 5 2009,44.74
Feb 4 2009,46.18
Feb 3 2009,45.63
Feb 2 2009,44.57
Jan 30 2009,45.50
Jan 29 2009,44.50
Jan 28 2009,45.56
Jan 27 2009,44.76
Jan 26 2009,44.35
Jan 23 2009,42.81
Jan 22 2009,43.11
Jan 21 2009,43.17
Jan 20 2009,44.40
Jan 16 2009,43.77
Jan 15 2009,43.51
Jan 14 2009,43.20
Jan 13 2009,43.41
Jan 12 2009,42.91
Jan 9 2009,43.02
Jan 8 2009,42.91
Jan 7 2009,43.23
Jan 6 2009,43.91
Jan 5 2009,43.60
Jan 2 2009,43.00
Dec 31 2008,43.36
Dec 30 2008,42.50
Dec 29 2008,42.30
Dec 26 2008,42.05
Dec 24 2008,41.10
Dec 23 2008,41.69
Dec 22 2008,41.66
Dec 19 2008,42.20
Dec 18 2008,40.94
Dec 17 2008,41.20
Dec 16 2008,40.73
Dec 15 2008,40.83
Dec 12 2008,40.06
Dec 11 2008,41.00
Dec 10 2008,41.37
Dec 9 2008,42.36
Dec 8 2008,43.15
Dec 5 2008,41.53
Dec 4 2008,41.81
Dec 3 2008,40.81
Dec 2 2008,42.05
Dec 1 2008,45.11
Nov 28 2008,45.75
Nov 26 2008,42.70
Nov 25 2008,44.00
Nov 24 2008,44.05
Nov 21 2008,39.60
Nov 20 2008,39.49
Nov 19 2008,40.41
Nov 18 2008,38.88
Nov 17 2008,38.74
Nov 14 2008,38.83
Nov 13 2008,39.39
Nov 12 2008,40.58
Nov 11 2008,41.82
Nov 10 2008,42.19
Nov 7 2008,40.91
Nov 6 2008,40.25
Nov 5 2008,44.45
Nov 4 2008,45.84
Nov 3 2008,44.85
Oct 31 2008,45.84
Oct 30 2008,45.09
Oct 29 2008,44.31
Oct 28 2008,44.82
Oct 27 2008,44.06
Oct 24 2008,43.11
Oct 23 2008,45.62
Oct 22 2008,45.24
Oct 21 2008,46.43
Oct 20 2008,46.65
Oct 17 2008,45.39
Oct 16 2008,44.38
Oct 15 2008,45.12
Oct 14 2008,47.62
Oct 13 2008,43.50
Oct 10 2008,41.75
Oct 9 2008,44.45
Oct 8 2008,47.25
Oct 7 2008,47.65
Oct 6 2008,48.03
Oct 3 2008,51.40
Oct 2 2008,51.40
Oct 1 2008,50.21
Sep 30 2008,51.03
Sep 29 2008,51.79
Sep 26 2008,50.69
Sep 25 2008,54.12
Sep 24 2008,54.17
Sep 23 2008,54.86
Sep 22 2008,53.62
Sep 19 2008,52.49
Sep 18 2008,50.94
Sep 17 2008,52.80
Sep 16 2008,52.45
Sep 15 2008,51.88
Sep 12 2008,52.03
Sep 11 2008,52.58
Sep 10 2008,52.88
Sep 9 2008,54.22
Sep 8 2008,54.50
Sep 5 2008,53.72
Sep 4 2008,53.97
Sep 3 2008,54.01
Sep 2 2008,52.67
Aug 29 2008,54.75
Aug 28 2008,54.65
Aug 27 2008,54.50
Aug 26 2008,54.48
Aug 25 2008,54.62
Aug 22 2008,54.61
Aug 21 2008,55.38
Aug 20 2008,55.42
Aug 19 2008,56.40
Aug 18 2008,55.70
Aug 15 2008,54.34
Aug 14 2008,51.48
Aug 13 2008,51.11
Aug 12 2008,51.49
Aug 11 2008,50.85
Aug 8 2008,50.14
Aug 7 2008,50.34
Aug 6 2008,50.02
Aug 5 2008,49.12
Aug 4 2008,48.90
Aug 1 2008,48.60
Jul 31 2008,47.30
Jul 30 2008,48.31
Jul 29 2008,47.42
Jul 28 2008,46.96
Jul 25 2008,48.23
Jul 24 2008,48.57
Jul 23 2008,47.80
Jul 22 2008,46.87
Jul 21 2008,47.16
Jul 18 2008,47.24
Jul 17 2008,46.52
Jul 16 2008,44.98
Jul 15 2008,43.48
Jul 14 2008,43.89
Jul 11 2008,43.27
Jul 10 2008,43.11
Jul 9 2008,43.66
Jul 8 2008,42.58
Jul 7 2008,42.28
Jul 3 2008,42.06
Jul 2 2008,43.37
Jul 1 2008,40.18
Jun 30 2008,41.08
Jun 27 2008,42.00
Jun 26 2008,42.54
Jun 25 2008,43.01
Jun 24 2008,43.77
Jun 23 2008,44.82
Jun 20 2008,44.76
Jun 19 2008,43.92
Jun 18 2008,51.00
Jun 17 2008,51.59
Jun 16 2008,51.56
Jun 13 2008,52.10
Jun 12 2008,52.16
Jun 11 2008,52.24
Jun 10 2008,52.02
Jun 9 2008,51.89
Jun 6 2008,53.51
Jun 5 2008,54.00
Jun 4 2008,53.67
Jun 3 2008,53.16
Jun 2 2008,52.76
May 30 2008,52.32
May 29 2008,52.35
May 28 2008,52.75
May 27 2008,51.81
May 23 2008,52.20
May 22 2008,51.63
May 21 2008,51.99
May 20 2008,51.80
May 19 2008,51.82
May 16 2008,52.11
May 15 2008,51.55
May 14 2008,51.39
May 13 2008,51.55
May 12 2008,50.93
May 9 2008,50.14
May 8 2008,50.00
May 7 2008,50.07
May 6 2008,49.64
May 5 2008,50.19
May 2 2008,50.69
May 1 2008,49.88
Apr 30 2008,50.28
Apr 29 2008,49.56
Apr 28 2008,49.19
Apr 25 2008,49.59
Apr 24 2008,49.11
Apr 23 2008,49.14
Apr 22 2008,49.97
Apr 21 2008,50.32
Apr 18 2008,50.78
Apr 17 2008,50.13
Apr 16 2008,49.74
Apr 15 2008,48.74
Apr 14 2008,48.18
Apr 11 2008,49.22
Apr 10 2008,50.48
Apr 9 2008,51.15
Apr 8 2008,50.98
Apr 7 2008,51.36
Apr 4 2008,51.35
Apr 3 2008,51.57
Apr 2 2008,51.69
Apr 1 2008,50.93
Mar 31 2008,50.87
Mar 28 2008,51.05
Mar 27 2008,50.40
Mar 26 2008,51.27
Mar 25 2008,51.18
Mar 24 2008,50.95
Mar 20 2008,50.28
Mar 19 2008,51.34
Mar 18 2008,50.78
Mar 17 2008,49.86
Mar 14 2008,51.35
Mar 13 2008,50.30
Mar 12 2008,50.77
Mar 11 2008,51.40
Mar 10 2008,49.59
Mar 7 2008,49.50
Mar 6 2008,51.45
Mar 5 2008,51.90
Mar 4 2008,52.10
Mar 3 2008,51.00
Feb 29 2008,51.40
Feb 28 2008,51.49
Feb 27 2008,51.30
Feb 26 2008,51.70
Feb 25 2008,50.56
Feb 22 2008,50.49
Feb 21 2008,50.21
Feb 20 2008,48.74
Feb 19 2008,50.68
Feb 15 2008,48.24
Feb 14 2008,48.82
Feb 13 2008,48.60
Feb 12 2008,48.68
Feb 11 2008,47.77
Feb 8 2008,48.12
Feb 7 2008,46.95
Feb 6 2008,48.26
Feb 5 2008,47.30
Feb 4 2008,48.64
Feb 1 2008,47.08
Jan 31 2008,46.20
Jan 30 2008,46.44
Jan 29 2008,46.52
Jan 28 2008,44.96
Jan 25 2008,45.91
Jan 24 2008,45.78
Jan 23 2008,44.64
Jan 22 2008,43.33
Jan 18 2008,46.32
Jan 17 2008,46.50
Jan 16 2008,45.90
Jan 15 2008,46.77
Jan 14 2008,48.31
Jan 11 2008,48.85
Jan 10 2008,48.51
Jan 9 2008,49.13
Jan 8 2008,49.59
Jan 7 2008,49.04
Jan 4 2008,49.51
Jan 3 2008,51.16
Jan 2 2008,51.34
Dec 31 2007,51.21
Dec 28 2007,51.10
Dec 27 2007,51.31
Dec 26 2007,51.58
Dec 24 2007,50.72
Dec 21 2007,51.17
Dec 20 2007,50.52
Dec 19 2007,49.91
Dec 18 2007,49.74
Dec 17 2007,49.94
Dec 14 2007,50.77
Dec 13 2007,49.44
Dec 12 2007,51.16
Dec 11 2007,51.35
Dec 10 2007,52.35
Dec 7 2007,51.50
Dec 6 2007,50.21
Dec 5 2007,50.11
Dec 4 2007,48.62
Dec 3 2007,49.02
Nov 30 2007,49.78
Nov 29 2007,50.11
Nov 28 2007,49.81
Nov 27 2007,50.20
Nov 26 2007,50.50
Nov 23 2007,50.67
Nov 21 2007,50.37
Nov 20 2007,50.29
Nov 19 2007,52.00
Nov 16 2007,52.60
Nov 15 2007,52.76
Nov 14 2007,53.32
Nov 13 2007,53.14
Nov 12 2007,51.75
Nov 9 2007,51.24
Nov 8 2007,50.96
Nov 7 2007,49.70
Nov 6 2007,50.26
Nov 5 2007,50.72
Nov 2 2007,51.60
Nov 1 2007,52.69
Oct 31 2007,53.47
Oct 30 2007,52.77
Oct 29 2007,53.35
Oct 26 2007,52.75
Oct 25 2007,51.96
Oct 24 2007,51.44
Oct 23 2007,51.40
Oct 22 2007,52.00
Oct 19 2007,52.47
Oct 18 2007,52.42
Oct 17 2007,53.25
Oct 16 2007,53.04
Oct 15 2007,53.47
Oct 12 2007,53.30
Oct 11 2007,53.85
Oct 10 2007,54.55
Oct 9 2007,54.45
Oct 8 2007,54.37
Oct 5 2007,54.34
Oct 4 2007,54.37
Oct 3 2007,54.42
Oct 2 2007,53.86
Oct 1 2007,53.40
Sep 28 2007,54.00
Sep 27 2007,53.80
Sep 26 2007,53.56
Sep 25 2007,53.45
Sep 24 2007,54.37
Sep 21 2007,54.57
Sep 20 2007,54.54
Sep 19 2007,55.02
Sep 18 2007,54.05
Sep 17 2007,53.62
Sep 14 2007,53.32
Sep 13 2007,54.39
Sep 12 2007,54.73
Sep 11 2007,55.48
Sep 10 2007,55.23
Sep 7 2007,54.39
Sep 6 2007,54.48
Sep 5 2007,54.43
Sep 4 2007,55.15
Aug 31 2007,54.21
Aug 30 2007,53.39
Aug 29 2007,53.89
Aug 28 2007,54.69
Aug 27 2007,55.88
Aug 24 2007,55.01
Aug 23 2007,56.02
Aug 22 2007,55.54
Aug 21 2007,55.59
Aug 20 2007,56.79
Aug 17 2007,57.00
Aug 16 2007,54.50
Aug 15 2007,55.77
Aug 14 2007,56.13
Aug 13 2007,57.19
Aug 10 2007,52.95
Aug 9 2007,54.69
Aug 8 2007,57.64
Aug 7 2007,57.28
Aug 6 2007,56.27
Aug 3 2007,57.05
Aug 2 2007,56.39
Aug 1 2007,55.74
Jul 31 2007,57.26
Jul 30 2007,56.10
Jul 27 2007,57.75
Jul 26 2007,57.60
Jul 25 2007,58.02
Jul 24 2007,58.20
Jul 23 2007,58.22
Jul 20 2007,58.67
Jul 19 2007,58.71
Jul 18 2007,59.57
Jul 17 2007,60.56
Jul 16 2007,61.10
Jul 13 2007,63.64
Jul 12 2007,63.00
Jul 11 2007,61.97
Jul 10 2007,62.50
Jul 9 2007,63.34
Jul 6 2007,63.33
Jul 5 2007,63.55
Jul 3 2007,63.64
Jul 2 2007,63.47
Jun 29 2007,62.99
Jun 28 2007,63.00
Jun 27 2007,61.20
Jun 26 2007,61.10
Jun 25 2007,61.00
Jun 22 2007,61.09
Jun 21 2007,59.01
Jun 20 2007,57.40
Jun 19 2007,57.09
Jun 18 2007,58.00
Jun 15 2007,58.35
Jun 14 2007,57.98
Jun 13 2007,57.60
Jun 12 2007,57.90
Jun 11 2007,57.17
Jun 8 2007,56.81
Jun 7 2007,58.00
Jun 6 2007,58.35
Jun 5 2007,59.00
Jun 4 2007,58.92
Jun 1 2007,57.70
May 31 2007,58.32
May 30 2007,57.65
May 29 2007,57.60
May 25 2007,57.00
May 24 2007,57.85
May 23 2007,58.30
May 22 2007,58.10
May 21 2007,58.85
May 18 2007,58.75
May 17 2007,57.75
May 16 2007,57.13
May 15 2007,57.19
May 14 2007,56.79
May 11 2007,56.78
May 10 2007,57.70
May 9 2007,58.17
May 8 2007,58.10
May 7 2007,58.00
May 4 2007,56.86
May 3 2007,56.75
May 2 2007,56.46
May 1 2007,55.82
Apr 30 2007,56.21
Apr 27 2007,56.24
Apr 26 2007,56.30
Apr 25 2007,56.32
Apr 24 2007,56.41
Apr 23 2007,56.45
Apr 20 2007,55.75
Apr 19 2007,55.84
Apr 18 2007,56.20
Apr 17 2007,56.28
Apr 16 2007,57.04
Apr 13 2007,56.06
Apr 12 2007,54.88
Apr 11 2007,54.98
Apr 10 2007,54.60
Apr 9 2007,54.90
Apr 5 2007,54.50
Apr 4 2007,54.90
Apr 3 2007,54.40
Apr 2 2007,53.55
Mar 30 2007,53.53
Mar 29 2007,53.81
Mar 28 2007,52.88
Mar 27 2007,51.92
Mar 26 2007,51.55
Mar 23 2007,51.78
Mar 22 2007,51.69
Mar 21 2007,51.50
Mar 20 2007,49.85
Mar 19 2007,50.00
Mar 16 2007,49.95
Mar 15 2007,49.54
Mar 14 2007,49.65
Mar 13 2007,50.02
Mar 12 2007,49.67
Mar 9 2007,49.90
Mar 8 2007,49.46
Mar 7 2007,49.29
Mar 6 2007,49.40
Mar 5 2007,49.90
Mar 2 2007,50.73
Mar 1 2007,49.22
Feb 28 2007,49.71
Feb 27 2007,50.10
Feb 26 2007,50.65
Feb 23 2007,50.46
Feb 22 2007,50.31
Feb 21 2007,50.80
Feb 20 2007,49.25
Feb 16 2007,48.36
Feb 15 2007,48.75
Feb 14 2007,48.55
Feb 13 2007,48.08
Feb 12 2007,47.96
Feb 9 2007,48.00
Feb 8 2007,47.79
Feb 7 2007,48.21
Feb 6 2007,48.05
Feb 5 2007,47.97
Feb 2 2007,47.84
Feb 1 2007,47.53
Jan 31 2007,47.43
Jan 30 2007,47.39
Jan 29 2007,46.77
Jan 26 2007,47.70
Jan 25 2007,47.51
Jan 24 2007,47.50
Jan 23 2007,46.75
Jan 22 2007,47.30
Jan 19 2007,47.04
Jan 18 2007,47.40
Jan 17 2007,47.18
Jan 16 2007,47.71
Jan 12 2007,48.03
Jan 11 2007,47.62
Jan 10 2007,47.73
Jan 9 2007,47.75
Jan 8 2007,48.18
Jan 5 2007,47.69
Jan 4 2007,49.05
Jan 3 2007,48.50
Dec 29 2006,48.80
Dec 28 2006,48.56
Dec 27 2006,48.64
Dec 26 2006,47.90
Dec 22 2006,48.10
Dec 21 2006,48.45
Dec 20 2006,48.60
Dec 19 2006,48.00
Dec 18 2006,48.50
Dec 15 2006,48.71
Dec 14 2006,48.19
Dec 13 2006,48.75
Dec 12 2006,47.98
Dec 11 2006,48.14
Dec 8 2006,48.04
Dec 7 2006,48.35
Dec 6 2006,48.70
Dec 5 2006,48.79
Dec 4 2006,48.29
Dec 1 2006,48.20
Nov 30 2006,48.12
Nov 29 2006,47.86
Nov 28 2006,46.82
Nov 27 2006,47.40
Nov 24 2006,47.26
Nov 22 2006,47.05
Nov 21 2006,47.85
Nov 20 2006,46.80
Nov 17 2006,47.01
Nov 16 2006,49.91
Nov 15 2006,49.70
Nov 14 2006,49.85
Nov 13 2006,49.50
Nov 10 2006,49.47
Nov 9 2006,49.86
Nov 8 2006,49.24
Nov 7 2006,49.19
Nov 6 2006,48.87
Nov 3 2006,49.08
Nov 2 2006,48.43
Nov 1 2006,48.94
Oct 31 2006,48.80
Oct 30 2006,48.23
Oct 27 2006,48.81
Oct 26 2006,48.65
Oct 25 2006,48.70
Oct 24 2006,48.80
Oct 23 2006,48.60
Oct 20 2006,48.63
Oct 19 2006,48.80
Oct 18 2006,48.46
Oct 17 2006,48.20
Oct 16 2006,48.19
Oct 13 2006,48.30
Oct 12 2006,48.50
Oct 11 2006,48.52
Oct 10 2006,49.14
Oct 9 2006,48.74
Oct 6 2006,48.92
Oct 5 2006,48.60
Oct 4 2006,47.97
Oct 3 2006,48.04
Oct 2 2006,48.00
Sep 29 2006,48.22
Sep 28 2006,48.52
Sep 27 2006,48.45
Sep 26 2006,48.45
Sep 25 2006,48.08
Sep 22 2006,48.02
Sep 21 2006,48.05
Sep 20 2006,47.95
Sep 19 2006,47.34
Sep 18 2006,47.50
Sep 15 2006,48.64
Sep 14 2006,48.68
Sep 13 2006,48.50
Sep 12 2006,48.24
Sep 11 2006,48.52
Sep 8 2006,48.40
Sep 7 2006,48.40
Sep 6 2006,48.83
Sep 5 2006,49.00
Sep 1 2006,48.80
Aug 31 2006,48.40
Aug 30 2006,48.33
Aug 29 2006,48.15
Aug 28 2006,47.65
Aug 25 2006,47.40
Aug 24 2006,47.81
Aug 23 2006,46.20
Aug 22 2006,45.40
Aug 21 2006,45.25
Aug 18 2006,43.41
Aug 17 2006,44.62
Aug 16 2006,44.30
Aug 15 2006,43.85
Aug 14 2006,43.48
Aug 11 2006,43.55
Aug 10 2006,43.14
Aug 9 2006,43.56
Aug 8 2006,43.46
Aug 7 2006,44.12
Aug 4 2006,44.40
Aug 3 2006,44.20
Aug 2 2006,44.50
Aug 1 2006,44.64
Jul 31 2006,45.17
Jul 28 2006,45.45
Jul 27 2006,45.54
Jul 26 2006,45.95
Jul 25 2006,46.05
Jul 24 2006,45.37
Jul 21 2006,46.82
Jul 20 2006,46.90
Jul 19 2006,46.40
Jul 18 2006,46.11
Jul 17 2006,46.20
Jul 14 2006,46.85
Jul 13 2006,46.52
Jul 12 2006,46.54
Jul 11 2006,46.06
Jul 10 2006,45.91
Jul 7 2006,45.39
Jul 6 2006,46.19
Jul 5 2006,45.60
Jul 3 2006,44.95
Jun 30 2006,45.25
Jun 29 2006,44.97
Jun 28 2006,45.30
Jun 27 2006,44.65
Jun 26 2006,44.32
Jun 23 2006,44.24
Jun 22 2006,44.23
Jun 21 2006,43.42
Jun 20 2006,42.25
Jun 19 2006,40.71
Jun 16 2006,40.19
Jun 15 2006,40.22
Jun 14 2006,40.17
Jun 13 2006,40.50
Jun 12 2006,41.05
Jun 9 2006,41.00
Jun 8 2006,41.10
Jun 7 2006,40.87
Jun 6 2006,40.92
Jun 5 2006,41.52
Jun 2 2006,41.80
Jun 1 2006,41.42
May 31 2006,40.68
May 30 2006,40.60
May 26 2006,40.85
May 25 2006,41.00
May 24 2006,40.51
May 23 2006,40.99
May 22 2006,40.72
May 19 2006,40.67
May 18 2006,40.51
May 17 2006,40.82
May 16 2006,40.51
May 15 2006,40.15
May 12 2006,40.20
May 11 2006,40.48
May 10 2006,40.80
May 9 2006,41.03
May 8 2006,40.80
May 5 2006,40.35
May 4 2006,39.84
May 3 2006,39.95
May 2 2006,39.47
May 1 2006,39.12
Apr 28 2006,39.10
Apr 27 2006,39.20
Apr 26 2006,39.32
Apr 25 2006,39.18
Apr 24 2006,39.16
Apr 21 2006,39.21
Apr 20 2006,39.15
Apr 19 2006,39.20
Apr 18 2006,39.06
Apr 17 2006,39.22
Apr 13 2006,39.00
Apr 12 2006,39.31
Apr 11 2006,39.74
Apr 10 2006,39.35
Apr 7 2006,39.30
Apr 6 2006,39.80
Apr 5 2006,39.60
Apr 4 2006,39.98
Apr 3 2006,39.45
Mar 31 2006,39.61
Mar 30 2006,39.70
Mar 29 2006,39.45
Mar 28 2006,39.60
Mar 27 2006,39.76
Mar 24 2006,39.75
Mar 23 2006,39.73
Mar 22 2006,39.95
Mar 21 2006,39.80
Mar 20 2006,40.00
Mar 17 2006,39.70
Mar 16 2006,39.90
Mar 15 2006,39.55
Mar 14 2006,40.05
Mar 13 2006,40.15
Mar 10 2006,40.30
Mar 9 2006,40.31
Mar 8 2006,40.58
Mar 7 2006,40.26
Mar 6 2006,40.02
Mar 3 2006,40.05
Mar 2 2006,40.02
Mar 1 2006,39.60
Feb 28 2006,39.88
Feb 27 2006,39.60
Feb 24 2006,39.01
Feb 23 2006,39.00
Feb 22 2006,37.75
Feb 21 2006,38.30
Feb 17 2006,40.50
Feb 16 2006,42.54
Feb 15 2006,42.35
Feb 14 2006,41.70
Feb 13 2006,41.77
Feb 10 2006,41.75
Feb 9 2006,42.51
Feb 8 2006,43.30
Feb 7 2006,43.22
Feb 6 2006,43.38
Feb 3 2006,43.73
Feb 2 2006,43.83
Feb 1 2006,43.47
Jan 31 2006,43.53
Jan 30 2006,43.65
Jan 27 2006,43.75
Jan 26 2006,43.70
Jan 25 2006,43.95
Jan 24 2006,44.28
Jan 23 2006,44.33
Jan 20 2006,44.90
Jan 19 2006,44.86
Jan 18 2006,44.90
Jan 17 2006,44.98
Jan 13 2006,45.40
Jan 12 2006,45.25
Jan 11 2006,45.47
Jan 10 2006,45.85
Jan 9 2006,45.73
Jan 6 2006,46.25
Jan 5 2006,45.45
Jan 4 2006,45.30
Jan 3 2006,44.21
Dec 30 2005,44.08
Dec 29 2005,44.45
Dec 28 2005,44.31
Dec 27 2005,44.28
Dec 23 2005,44.27
Dec 22 2005,44.11
Dec 21 2005,44.00
Dec 20 2005,43.91
Dec 19 2005,43.80
Dec 16 2005,44.39
Dec 15 2005,44.69
Dec 14 2005,45.30
Dec 13 2005,45.11
Dec 12 2005,45.15
Dec 9 2005,45.06
Dec 8 2005,45.15
Dec 7 2005,44.80
Dec 6 2005,44.95
Dec 5 2005,45.51
Dec 2 2005,45.70
Dec 1 2005,45.45
Nov 30 2005,45.34
Nov 29 2005,45.06
Nov 28 2005,45.58
Nov 25 2005,45.40
Nov 23 2005,45.09
Nov 22 2005,45.03
Nov 21 2005,45.28
Nov 18 2005,45.70
Nov 17 2005,44.75
Nov 16 2005,45.79
Nov 15 2005,45.46
Nov 14 2005,45.68
Nov 11 2005,45.78
Nov 10 2005,46.03
Nov 9 2005,45.32
Nov 8 2005,45.68
Nov 7 2005,46.25
Nov 4 2005,45.51
Nov 3 2005,45.71
Nov 2 2005,45.45
Nov 1 2005,45.61
Oct 31 2005,45.61
Oct 28 2005,44.75
Oct 27 2005,45.44
Oct 26 2005,45.86
Oct 25 2005,45.77
Oct 24 2005,45.66
Oct 21 2005,45.71
Oct 20 2005,46.03
Oct 19 2005,46.10
Oct 18 2005,46.25
Oct 17 2005,46.00
Oct 14 2005,46.53
Oct 13 2005,46.70
Oct 12 2005,47.12
Oct 11 2005,47.05
Oct 10 2005,46.72
Oct 7 2005,47.06
Oct 6 2005,47.64
Oct 5 2005,49.05
Oct 4 2005,48.90
Oct 3 2005,48.54
Sep 30 2005,48.40
Sep 29 2005,47.75
Sep 28 2005,47.32
Sep 27 2005,47.70
Sep 26 2005,47.31
Sep 23 2005,46.71
Sep 22 2005,47.40
Sep 21 2005,47.76
Sep 20 2005,47.99
Sep 19 2005,48.09
Sep 16 2005,48.11
Sep 15 2005,47.43
Sep 14 2005,47.98
Sep 13 2005,48.10
Sep 12 2005,48.00
Sep 9 2005,47.50
Sep 8 2005,47.74
Sep 7 2005,47.91
Sep 6 2005,48.10
Sep 2 2005,47.99
Sep 1 2005,47.72
Aug 31 2005,47.46
Aug 30 2005,47.03
Aug 29 2005,46.76
Aug 26 2005,47.15
Aug 25 2005,46.20
Aug 24 2005,45.71
Aug 23 2005,46.01
Aug 22 2005,46.75
Aug 19 2005,48.03
Aug 18 2005,46.90
Aug 17 2005,46.75
Aug 16 2005,47.47
Aug 15 2005,47.26
Aug 12 2005,47.09
Aug 11 2005,47.25
Aug 10 2005,47.45
Aug 9 2005,47.67
Aug 8 2005,47.50
Aug 5 2005,47.98
Aug 4 2005,47.73
Aug 3 2005,47.43
Aug 2 2005,46.98
Aug 1 2005,47.62
Jul 29 2005,47.94
Jul 28 2005,47.49
Jul 27 2005,47.17
Jul 26 2005,46.92
Jul 25 2005,47.18
Jul 22 2005,46.94
Jul 21 2005,46.87
Jul 20 2005,47.07
Jul 19 2005,46.96
Jul 18 2005,46.79
Jul 15 2005,46.64
Jul 14 2005,46.56
Jul 13 2005,46.51
Jul 12 2005,46.33
Jul 11 2005,46.43
Jul 8 2005,46.40
Jul 7 2005,46.40
Jul 6 2005,46.99
Jul 5 2005,47.00
Jul 1 2005,47.10
Jun 30 2005,47.18
Jun 29 2005,47.23
Jun 28 2005,47.55
Jun 27 2005,47.85
Jun 24 2005,48.25
Jun 23 2005,48.22
Jun 22 2005,48.30
Jun 21 2005,48.32
Jun 20 2005,48.60
Jun 17 2005,50.20
Jun 16 2005,50.44
Jun 15 2005,50.60
Jun 14 2005,50.11
Jun 13 2005,50.13
Jun 10 2005,50.09
Jun 9 2005,49.65
Jun 8 2005,50.10
Jun 7 2005,50.25
Jun 6 2005,50.53
Jun 3 2005,50.45
Jun 2 2005,50.45
Jun 1 2005,49.91
May 31 2005,50.10
May 27 2005,49.95
May 26 2005,50.22
May 25 2005,50.30
May 24 2005,50.70
May 23 2005,50.56
May 20 2005,50.70
May 19 2005,50.92
May 18 2005,50.78
May 17 2005,50.67
May 16 2005,50.25
May 13 2005,50.16
May 12 2005,50.36
May 11 2005,50.05
May 10 2005,49.40
May 9 2005,49.20
May 6 2005,49.22
May 5 2005,49.31
May 4 2005,49.39
May 3 2005,49.58
May 2 2005,49.50
Apr 29 2005,49.28
Apr 28 2005,49.37
Apr 27 2005,49.64
Apr 26 2005,49.70
Apr 25 2005,48.82
Apr 22 2005,49.38
Apr 21 2005,49.70
Apr 20 2005,50.02
Apr 19 2005,50.00
Apr 18 2005,50.00
Apr 15 2005,50.12
Apr 14 2005,50.00
Apr 13 2005,49.95
Apr 12 2005,49.53
Apr 11 2005,49.67
Apr 8 2005,49.97
Apr 7 2005,49.79
Apr 6 2005,50.31
Apr 5 2005,49.86
Apr 4 2005,49.69
Apr 1 2005,50.48
Mar 31 2005,49.82
Mar 30 2005,49.78
Mar 29 2005,49.54
Mar 28 2005,49.05
Mar 24 2005,48.90
Mar 23 2005,48.65
Mar 22 2005,49.05
Mar 21 2005,49.30
Mar 18 2005,49.85
Mar 17 2005,50.21
Mar 16 2005,51.10
Mar 15 2005,51.52
Mar 14 2005,50.94
Mar 11 2005,51.04
Mar 10 2005,50.72
Mar 9 2005,51.00
Mar 8 2005,51.43
Mar 7 2005,51.51
Mar 4 2005,50.86
Mar 3 2005,50.00
Mar 2 2005,49.47
Mar 1 2005,49.41
Feb 28 2005,49.15
Feb 25 2005,48.60
Feb 24 2005,48.54
Feb 23 2005,47.71
Feb 22 2005,48.01
Feb 18 2005,48.20
Feb 17 2005,47.90
Feb 16 2005,47.95
Feb 15 2005,47.50
Feb 14 2005,47.27
Feb 11 2005,47.40
Feb 10 2005,47.60
Feb 9 2005,48.35
Feb 8 2005,48.74
Feb 7 2005,47.82
Feb 4 2005,47.73
Feb 3 2005,47.68
Feb 2 2005,46.90
Feb 1 2005,46.45
Jan 31 2005,46.22
Jan 28 2005,46.08
Jan 27 2005,45.84
Jan 26 2005,45.93
Jan 25 2005,46.33
Jan 24 2005,46.55
Jan 21 2005,46.95
Jan 20 2005,46.54
Jan 19 2005,46.51
Jan 18 2005,46.00
Jan 14 2005,46.15
Jan 13 2005,46.10
Jan 12 2005,46.26
Jan 11 2005,46.61
Jan 10 2005,46.85
Jan 7 2005,46.75
Jan 6 2005,46.64
Jan 5 2005,46.60
Jan 4 2005,47.05
Jan 3 2005,47.17
Dec 31 2004,46.77
Dec 30 2004,46.75
Dec 29 2004,46.30
Dec 28 2004,45.90
Dec 27 2004,46.50
Dec 23 2004,46.75
Dec 22 2004,46.95
Dec 21 2004,47.35
Dec 20 2004,47.50
Dec 17 2004,47.45
Dec 16 2004,47.00
Dec 15 2004,46.86
Dec 14 2004,46.50
Dec 13 2004,46.50
Dec 10 2004,45.92
Dec 9 2004,45.75
Dec 8 2004,45.77
Dec 7 2004,45.75
Dec 6 2004,46.09
Dec 3 2004,46.00
Dec 2 2004,45.92
Dec 1 2004,45.44
Nov 30 2004,45.37
Nov 29 2004,45.08
Nov 26 2004,44.56
Nov 24 2004,44.09
Nov 23 2004,44.00
Nov 22 2004,45.00
Nov 19 2004,45.75
Nov 18 2004,46.99
Nov 17 2004,47.30
Nov 16 2004,47.57
Nov 15 2004,47.27
Nov 12 2004,47.40
Nov 11 2004,47.07
Nov 10 2004,47.00
Nov 9 2004,46.98
Nov 8 2004,46.34
Nov 5 2004,45.87
Nov 4 2004,44.68
Nov 3 2004,43.76
Nov 2 2004,43.80
Nov 1 2004,44.50
Oct 29 2004,44.33
Oct 28 2004,44.36
Oct 27 2004,43.35
Oct 26 2004,43.76
Oct 25 2004,43.48
Oct 22 2004,44.20
Oct 21 2004,44.09
Oct 20 2004,43.64
Oct 19 2004,43.88
Oct 18 2004,43.72
Oct 15 2004,43.70
Oct 14 2004,43.87
Oct 13 2004,44.16
Oct 12 2004,43.93
Oct 11 2004,43.74
Oct 8 2004,44.38
Oct 7 2004,44.50
Oct 6 2004,44.50
Oct 5 2004,44.11
Oct 4 2004,44.30
Oct 1 2004,44.55
Sep 30 2004,44.08
Sep 29 2004,43.54
Sep 28 2004,43.13
Sep 27 2004,43.20
Sep 24 2004,43.06
Sep 23 2004,43.50
Sep 22 2004,44.00
Sep 21 2004,45.07
Sep 20 2004,45.78
Sep 17 2004,45.86
Sep 16 2004,45.99
Sep 15 2004,46.35
Sep 14 2004,46.26
Sep 13 2004,45.96
Sep 10 2004,45.80
Sep 9 2004,46.18
Sep 8 2004,46.30
Sep 7 2004,46.42
Sep 3 2004,46.50
Sep 2 2004,46.20
Sep 1 2004,46.15
Aug 31 2004,45.25
Aug 30 2004,46.53
Aug 27 2004,46.60
Aug 26 2004,46.41
Aug 25 2004,46.49
Aug 24 2004,45.19
Aug 23 2004,44.60
Aug 20 2004,44.70
Aug 19 2004,45.17
Aug 18 2004,44.60
Aug 17 2004,44.75
Aug 16 2004,44.48
Aug 13 2004,44.80
Aug 12 2004,44.65
Aug 11 2004,44.20
Aug 10 2004,43.72
Aug 9 2004,43.67
Aug 6 2004,43.01
Aug 5 2004,43.60
Aug 4 2004,43.12
Aug 3 2004,42.73
Aug 2 2004,41.99
Jul 30 2004,41.30
Jul 29 2004,42.35
Jul 28 2004,42.60
Jul 27 2004,42.90
Jul 26 2004,43.30
Jul 23 2004,44.28
Jul 22 2004,44.74
Jul 21 2004,46.10
Jul 20 2004,45.65
Jul 19 2004,46.38
Jul 16 2004,46.50
Jul 15 2004,46.53
Jul 14 2004,46.51
Jul 13 2004,46.50
Jul 12 2004,46.51
Jul 9 2004,46.65
Jul 8 2004,45.93
Jul 7 2004,45.70
Jul 6 2004,45.78
Jul 2 2004,45.80
Jul 1 2004,45.90
Jun 30 2004,45.98
Jun 29 2004,45.77
Jun 28 2004,46.40
Jun 25 2004,46.15
Jun 24 2004,45.20
Jun 23 2004,45.88
Jun 22 2004,46.20
Jun 21 2004,46.51
Jun 18 2004,46.70
Jun 17 2004,48.65
Jun 16 2004,48.91
Jun 15 2004,49.14
Jun 14 2004,49.00
Jun 10 2004,49.05
Jun 9 2004,49.02
Jun 8 2004,49.06
Jun 7 2004,49.20
Jun 4 2004,49.28
Jun 3 2004,49.10
Jun 2 2004,48.75
Jun 1 2004,48.90
May 28 2004,49.20
May 27 2004,49.15
May 26 2004,48.89
May 25 2004,48.25
May 24 2004,48.31
May 21 2004,48.54
May 20 2004,48.52
May 19 2004,48.95
May 18 2004,49.51
May 17 2004,49.93
May 14 2004,49.55
May 13 2004,50.30
May 12 2004,51.05
May 11 2004,51.15
May 10 2004,51.50
May 7 2004,52.47
May 6 2004,53.00
May 5 2004,52.58
May 4 2004,52.50
May 3 2004,52.45
Apr 30 2004,52.01
Apr 29 2004,52.20
Apr 28 2004,52.76
Apr 27 2004,53.40
Apr 26 2004,53.30
Apr 23 2004,53.20
Apr 22 2004,52.38
Apr 21 2004,51.70
Apr 20 2004,51.65
Apr 19 2004,51.52
Apr 16 2004,50.95
Apr 15 2004,50.65
Apr 14 2004,50.90
Apr 13 2004,51.44
Apr 12 2004,52.00
Apr 8 2004,52.18
Apr 7 2004,52.43
Apr 6 2004,52.45
Apr 5 2004,51.91
Apr 2 2004,53.20
Apr 1 2004,52.50
Mar 31 2004,52.15
Mar 30 2004,51.88
Mar 29 2004,51.68
Mar 26 2004,51.97
Mar 25 2004,51.57
Mar 24 2004,51.98
Mar 23 2004,51.75
Mar 22 2004,51.69
Mar 19 2004,52.32
Mar 18 2004,51.90
Mar 17 2004,51.17
Mar 16 2004,50.75
Mar 15 2004,51.40
Mar 12 2004,50.80
Mar 11 2004,50.65
Mar 10 2004,50.95
Mar 9 2004,49.45
Mar 8 2004,50.25
Mar 5 2004,51.88
Mar 4 2004,52.00
Mar 3 2004,51.78
Mar 2 2004,51.82
Mar 1 2004,50.78
Feb 27 2004,50.45
Feb 26 2004,50.71
Feb 25 2004,50.00
Feb 24 2004,49.30
Feb 23 2004,49.05
Feb 20 2004,49.40
Feb 19 2004,49.20
Feb 18 2004,48.35
Feb 17 2004,47.35
Feb 13 2004,47.25
Feb 12 2004,47.28
Feb 11 2004,46.85
Feb 10 2004,47.10
Feb 9 2004,46.95
Feb 6 2004,46.55
Feb 5 2004,46.20
Feb 4 2004,46.18
Feb 3 2004,46.46
Feb 2 2004,46.60
Jan 30 2004,47.05
Jan 29 2004,47.15
Jan 28 2004,47.25
Jan 27 2004,46.95
Jan 26 2004,46.75
Jan 23 2004,46.60
Jan 22 2004,46.55
Jan 21 2004,46.55
Jan 20 2004,46.22
Jan 16 2004,45.65
Jan 15 2004,45.68
Jan 14 2004,45.35
Jan 13 2004,45.38
Jan 12 2004,45.46
Jan 9 2004,45.35
Jan 8 2004,45.13
Jan 7 2004,45.30
Jan 6 2004,45.38
Jan 5 2004,45.15
Jan 2 2004,45.36
Dec 31 2003,45.78
Dec 30 2003,45.49
Dec 29 2003,44.85
Dec 26 2003,44.74
Dec 24 2003,44.80
Dec 23 2003,44.70
Dec 22 2003,44.36
Dec 19 2003,44.55
Dec 18 2003,44.95
Dec 17 2003,45.50
Dec 16 2003,45.80
Dec 15 2003,46.60
Dec 12 2003,45.90
Dec 11 2003,45.48
Dec 10 2003,45.90
Dec 9 2003,46.21
Dec 8 2003,46.30
Dec 5 2003,46.25
Dec 4 2003,46.05
Dec 3 2003,46.57
Dec 2 2003,46.25
Dec 1 2003,46.05
Nov 28 2003,45.81
Nov 26 2003,45.85
Nov 25 2003,45.75
Nov 24 2003,44.70
Nov 21 2003,44.45
Nov 20 2003,44.50
Nov 19 2003,44.70
Nov 18 2003,44.98
Nov 17 2003,44.80
Nov 14 2003,44.60
Nov 13 2003,44.85
Nov 12 2003,43.45
Nov 11 2003,43.35
Nov 10 2003,43.85
Nov 7 2003,43.70
Nov 6 2003,43.76
Nov 5 2003,43.60
Nov 4 2003,43.90
Nov 3 2003,43.77
Oct 31 2003,43.22
Oct 30 2003,43.48
Oct 29 2003,43.65
Oct 28 2003,43.10
Oct 27 2003,42.90
Oct 24 2003,42.82
Oct 23 2003,42.76
Oct 22 2003,42.81
Oct 21 2003,43.12
Oct 20 2003,42.58
Oct 17 2003,42.55
Oct 16 2003,42.48
Oct 15 2003,42.78
Oct 14 2003,42.35
Oct 13 2003,42.43
Oct 10 2003,42.30
Oct 9 2003,42.41
Oct 8 2003,42.90
Oct 7 2003,43.09
Oct 6 2003,43.20
Oct 3 2003,43.20
Oct 2 2003,42.85
Oct 1 2003,42.20
Sep 30 2003,42.51
Sep 29 2003,42.51
Sep 26 2003,42.60
Sep 25 2003,43.48
Sep 24 2003,43.00
Sep 23 2003,41.81
Sep 22 2003,42.15
Sep 19 2003,42.15
Sep 18 2003,41.60
Sep 17 2003,41.55
Sep 16 2003,41.58
Sep 15 2003,41.01
Sep 12 2003,40.85
Sep 11 2003,40.75
Sep 10 2003,40.45
Sep 9 2003,40.45
Sep 8 2003,40.20
Sep 5 2003,40.90
Sep 4 2003,40.98
Sep 3 2003,41.00
Sep 2 2003,40.60
Aug 29 2003,40.15
Aug 28 2003,40.06
Aug 27 2003,40.20
Aug 26 2003,39.86
Aug 25 2003,39.40
Aug 22 2003,39.50
Aug 21 2003,38.80
Aug 20 2003,39.29
Aug 19 2003,39.52
Aug 18 2003,39.93
Aug 15 2003,39.50
Aug 14 2003,39.50
Aug 13 2003,39.55
Aug 12 2003,39.10
Aug 11 2003,38.45
Aug 8 2003,38.00
Aug 7 2003,38.21
Aug 6 2003,38.16
Aug 5 2003,38.87
Aug 4 2003,39.65
Aug 1 2003,39.95
Jul 31 2003,40.59
Jul 30 2003,40.20
Jul 29 2003,40.35
Jul 28 2003,40.10
Jul 25 2003,39.83
Jul 24 2003,40.00
Jul 23 2003,39.80
Jul 22 2003,39.93
Jul 21 2003,40.32
Jul 18 2003,40.05
Jul 17 2003,40.15
Jul 16 2003,40.34
Jul 15 2003,40.30
Jul 14 2003,41.11
Jul 11 2003,40.30
Jul 10 2003,39.90
Jul 9 2003,41.00
Jul 8 2003,41.20
Jul 7 2003,41.00
Jul 3 2003,41.00
Jul 2 2003,40.40
Jul 1 2003,39.90
Jun 30 2003,40.43
Jun 27 2003,41.08
Jun 26 2003,41.52
Jun 25 2003,41.25
Jun 24 2003,40.60
Jun 23 2003,41.40
Jun 20 2003,41.45
Jun 19 2003,41.25
Jun 18 2003,41.81
Jun 17 2003,41.45
Jun 16 2003,38.96
Jun 13 2003,39.36
Jun 12 2003,39.00
Jun 11 2003,38.00
Jun 10 2003,38.12
Jun 9 2003,38.17
Jun 6 2003,38.84
Jun 5 2003,38.51
Jun 4 2003,38.19
Jun 3 2003,38.08
Jun 2 2003,37.90
May 30 2003,37.05
May 29 2003,37.20
May 28 2003,36.97
May 27 2003,36.50
May 23 2003,36.60
May 22 2003,36.34
May 21 2003,36.20
May 20 2003,36.06
May 19 2003,35.75
May 16 2003,36.00
May 15 2003,36.50
May 14 2003,36.70
May 13 2003,36.80
May 12 2003,36.80
May 9 2003,37.00
May 8 2003,37.00
May 7 2003,37.05
May 6 2003,37.20
May 5 2003,37.02
May 2 2003,36.50
May 1 2003,36.45
Apr 30 2003,36.56
Apr 29 2003,36.45
Apr 28 2003,36.35
Apr 25 2003,36.41
Apr 24 2003,36.75
Apr 23 2003,36.83
Apr 22 2003,36.33
Apr 21 2003,36.15
Apr 17 2003,35.90
Apr 16 2003,36.70
Apr 15 2003,36.30
Apr 14 2003,35.85
Apr 11 2003,36.10
Apr 10 2003,35.90
Apr 9 2003,36.30
Apr 8 2003,36.35
Apr 7 2003,36.00
Apr 4 2003,35.70
Apr 3 2003,35.65
Apr 2 2003,35.80
Apr 1 2003,35.15
Mar 31 2003,35.20
Mar 28 2003,35.50
Mar 27 2003,35.10
Mar 26 2003,35.30
Mar 25 2003,35.24
Mar 24 2003,35.35
Mar 21 2003,34.95
Mar 20 2003,35.00
Mar 19 2003,34.20
Mar 18 2003,34.89
Mar 17 2003,33.80
Mar 14 2003,33.90
Mar 13 2003,34.05
Mar 12 2003,34.19
Mar 11 2003,33.90
Mar 10 2003,34.20
Mar 7 2003,34.20
Mar 6 2003,34.30
Mar 5 2003,35.20
Mar 4 2003,35.25
Mar 3 2003,34.50
Feb 28 2003,34.65
Feb 27 2003,34.85
Feb 26 2003,35.60
Feb 25 2003,34.56
Feb 24 2003,34.20
Feb 21 2003,33.80
Feb 20 2003,34.97
Feb 19 2003,39.05
Feb 18 2003,38.80
Feb 14 2003,39.50
Feb 13 2003,38.50
Feb 12 2003,38.30
Feb 11 2003,40.28
Feb 10 2003,39.81
Feb 7 2003,39.83
Feb 6 2003,40.00
Feb 5 2003,40.50
Feb 4 2003,40.13
Feb 3 2003,40.25
Jan 31 2003,39.05
Jan 30 2003,39.96
Jan 29 2003,40.04
Jan 28 2003,39.70
Jan 27 2003,40.45
Jan 24 2003,41.45
Jan 23 2003,41.60
Jan 22 2003,41.60
Jan 21 2003,41.61
Jan 17 2003,41.76
Jan 16 2003,40.80
Jan 15 2003,41.30
Jan 14 2003,40.85
Jan 13 2003,41.70
Jan 10 2003,41.60
Jan 9 2003,41.08
Jan 8 2003,41.36
Jan 7 2003,40.85
Jan 6 2003,40.67
Jan 3 2003,40.76
Jan 2 2003,40.00
Dec 31 2002,40.00
Dec 30 2002,39.45
Dec 27 2002,39.63
Dec 26 2002,39.50
Dec 24 2002,39.44
Dec 23 2002,39.24
Dec 20 2002,37.73
Dec 19 2002,37.68
Dec 18 2002,38.07
Dec 17 2002,39.15
Dec 16 2002,38.75
Dec 13 2002,38.65
Dec 12 2002,38.95
Dec 11 2002,39.30
Dec 10 2002,38.49
Dec 9 2002,38.70
Dec 6 2002,38.90
Dec 5 2002,39.34
Dec 4 2002,38.42
Dec 3 2002,39.25
Dec 2 2002,39.10
Nov 29 2002,39.45
Nov 27 2002,39.50
Nov 26 2002,39.90
Nov 25 2002,39.89
Nov 22 2002,39.25
Nov 21 2002,38.95
Nov 20 2002,38.70
Nov 19 2002,40.05
Nov 18 2002,38.90
Nov 15 2002,36.50
Nov 14 2002,33.95
Nov 13 2002,33.55
Nov 12 2002,34.42
Nov 11 2002,35.25
Nov 8 2002,35.70
Nov 7 2002,35.25
Nov 6 2002,35.80
Nov 5 2002,36.25
Nov 4 2002,37.80
Nov 1 2002,36.60
Oct 31 2002,36.05
Oct 30 2002,35.95
Oct 29 2002,35.56
Oct 28 2002,35.55
Oct 25 2002,36.25
Oct 24 2002,36.15
Oct 23 2002,35.45
Oct 22 2002,35.40
Oct 21 2002,34.90
Oct 18 2002,34.90
Oct 17 2002,34.98
Oct 16 2002,35.27
Oct 15 2002,34.61
Oct 14 2002,34.05
Oct 11 2002,33.00
Oct 10 2002,32.40
Oct 9 2002,33.10
Oct 8 2002,33.25
Oct 7 2002,34.73
Oct 4 2002,35.25
Oct 3 2002,35.70
Oct 2 2002,36.00
Oct 1 2002,36.59
Sep 30 2002,36.75
Sep 27 2002,37.80
Sep 26 2002,37.22
Sep 25 2002,37.20
Sep 24 2002,36.95
Sep 23 2002,37.45
Sep 20 2002,37.05
Sep 19 2002,38.11
Sep 18 2002,37.95
Sep 17 2002,38.45
Sep 16 2002,38.35
Sep 13 2002,37.17
Sep 12 2002,36.80
Sep 11 2002,37.50
Sep 10 2002,37.55
Sep 9 2002,36.95
Sep 6 2002,37.15
Sep 5 2002,36.61
Sep 4 2002,35.80
Sep 3 2002,36.25
Aug 30 2002,37.50
Aug 29 2002,36.95
Aug 28 2002,36.37
Aug 27 2002,36.28
Aug 26 2002,35.50
Aug 23 2002,36.35
Aug 22 2002,36.85
Aug 21 2002,35.60
Aug 20 2002,35.90
Aug 19 2002,35.85
Aug 16 2002,34.95
Aug 15 2002,36.35
Aug 14 2002,35.50
Aug 13 2002,36.16
Aug 12 2002,35.95
Aug 9 2002,35.12
Aug 8 2002,35.30
Aug 7 2002,34.25
Aug 6 2002,36.75
Aug 5 2002,33.05
Aug 2 2002,33.60
Aug 1 2002,33.60
Jul 31 2002,34.13
Jul 30 2002,34.00
Jul 29 2002,32.92
Jul 26 2002,32.98
Jul 25 2002,31.95
Jul 24 2002,29.25
Jul 23 2002,30.00
Jul 22 2002,30.10
Jul 19 2002,30.72
Jul 18 2002,31.50
Jul 17 2002,30.80
Jul 16 2002,31.75
Jul 15 2002,30.90
Jul 12 2002,32.25
Jul 11 2002,32.35
Jul 10 2002,32.20
Jul 9 2002,33.01
Jul 8 2002,33.40
Jul 5 2002,32.85
Jul 3 2002,33.25
Jul 2 2002,33.41
Jul 1 2002,34.05
Jun 28 2002,33.90
Jun 27 2002,34.55
Jun 26 2002,33.50
Jun 25 2002,33.90
Jun 24 2002,34.00
Jun 21 2002,33.50
Jun 20 2002,34.40
Jun 19 2002,34.60
Jun 18 2002,34.65
Jun 17 2002,36.65
Jun 14 2002,34.40
Jun 13 2002,35.45
Jun 12 2002,34.40
Jun 11 2002,34.80
Jun 10 2002,34.20
Jun 7 2002,34.30
Jun 6 2002,34.50
Jun 5 2002,35.05
Jun 4 2002,36.00
Jun 3 2002,34.25
May 31 2002,32.60
May 30 2002,31.30
May 29 2002,32.75
May 28 2002,32.80
May 24 2002,32.94
May 23 2002,33.00
May 22 2002,32.25
May 21 2002,32.90
May 20 2002,34.03
May 17 2002,33.92
May 16 2002,34.00
May 15 2002,34.62
May 14 2002,34.25
May 13 2002,33.90
May 10 2002,34.30
May 9 2002,34.38
May 8 2002,34.50
May 7 2002,34.75
May 6 2002,35.00
May 3 2002,34.70
May 2 2002,34.35
May 1 2002,34.60
Apr 30 2002,34.25
Apr 29 2002,34.10
Apr 26 2002,34.30
Apr 25 2002,34.27
Apr 24 2002,34.80
Apr 23 2002,34.01
Apr 22 2002,34.35
Apr 19 2002,34.35
Apr 18 2002,34.82
Apr 17 2002,34.50
Apr 16 2002,34.20
Apr 15 2002,34.90
Apr 12 2002,34.25
Apr 11 2002,33.55
Apr 10 2002,33.95
Apr 9 2002,34.00
Apr 8 2002,33.75
Apr 5 2002,33.95
Apr 4 2002,32.70
Apr 3 2002,33.14
Apr 2 2002,33.26
Apr 1 2002,33.81
Mar 28 2002,33.97
Mar 27 2002,34.00
Mar 26 2002,33.90
Mar 25 2002,33.75
Mar 22 2002,33.95
Mar 21 2002,33.64
Mar 20 2002,33.96
Mar 19 2002,33.95
Mar 18 2002,34.80
Mar 15 2002,34.60
Mar 14 2002,35.15
Mar 13 2002,36.20
Mar 12 2002,36.34
Mar 11 2002,35.60
Mar 8 2002,36.00
Mar 7 2002,34.85
Mar 6 2002,34.95
Mar 5 2002,34.95
Mar 4 2002,35.00
Mar 1 2002,35.00
Feb 28 2002,34.90
Feb 27 2002,34.98
Feb 26 2002,34.98
Feb 25 2002,35.20
Feb 22 2002,35.15
Feb 21 2002,35.15
Feb 20 2002,34.35
Feb 19 2002,33.72
Feb 15 2002,32.00
Feb 14 2002,31.10
Feb 13 2002,31.15
Feb 12 2002,31.43
Feb 11 2002,32.00
Feb 8 2002,31.10
Feb 7 2002,30.98
Feb 6 2002,31.20
Feb 5 2002,31.25
Feb 4 2002,32.25
Feb 1 2002,32.02
Jan 31 2002,32.56
Jan 30 2002,32.15
Jan 29 2002,32.75
Jan 28 2002,32.50
Jan 25 2002,33.85
Jan 24 2002,34.35
Jan 23 2002,34.08
Jan 22 2002,34.55
Jan 18 2002,34.60
Jan 17 2002,33.90
Jan 16 2002,33.88
Jan 15 2002,33.50
Jan 14 2002,34.00
Jan 11 2002,34.90
Jan 10 2002,34.90
Jan 9 2002,34.85
Jan 8 2002,34.85
Jan 7 2002,35.48
Jan 4 2002,35.35
Jan 3 2002,35.16
Jan 2 2002,35.39
Dec 31 2001,35.40
Dec 28 2001,36.50
Dec 27 2001,36.23
Dec 26 2001,36.20
Dec 24 2001,36.54
Dec 21 2001,36.50
Dec 20 2001,36.40
Dec 19 2001,36.70
Dec 18 2001,36.65
Dec 17 2001,36.15
Dec 14 2001,36.55
Dec 13 2001,36.55
Dec 12 2001,36.75
Dec 11 2001,36.95
Dec 10 2001,37.25
Dec 7 2001,37.70
Dec 6 2001,37.22
Dec 5 2001,35.90
Dec 4 2001,35.38
Dec 3 2001,35.20
Nov 30 2001,35.25
Nov 29 2001,34.40
Nov 28 2001,33.00
Nov 27 2001,32.80
Nov 26 2001,32.00
Nov 23 2001,32.10
Nov 21 2001,31.70
Nov 20 2001,31.95
Nov 19 2001,31.85
Nov 16 2001,32.10
Nov 15 2001,32.95
Nov 14 2001,32.85
Nov 13 2001,32.70
Nov 12 2001,32.20
Nov 9 2001,33.00
Nov 8 2001,33.55
Nov 7 2001,33.25
Nov 6 2001,33.25
Nov 5 2001,33.25
Nov 2 2001,34.00
Nov 1 2001,33.35
Oct 31 2001,33.25
Oct 30 2001,32.39
Oct 29 2001,33.15
Oct 26 2001,33.55
Oct 25 2001,33.65
Oct 24 2001,33.60
Oct 23 2001,33.90
Oct 22 2001,33.95
Oct 19 2001,33.23
Oct 18 2001,33.95
Oct 17 2001,33.85
Oct 16 2001,33.83
Oct 15 2001,34.12
Oct 12 2001,35.25
Oct 11 2001,34.10
Oct 10 2001,28.00
Oct 9 2001,26.40
Oct 8 2001,27.10
Oct 5 2001,26.40
Oct 4 2001,26.20
Oct 3 2001,25.80
Oct 2 2001,25.10
Oct 1 2001,25.60
Sep 28 2001,25.00
Sep 27 2001,24.75
Sep 26 2001,24.35
Sep 25 2001,24.90
Sep 24 2001,24.60
Sep 21 2001,24.25
Sep 20 2001,25.70
Sep 19 2001,25.04
Sep 18 2001,25.75
Sep 17 2001,27.00
Sep 10 2001,27.80
Sep 7 2001,28.71
Sep 6 2001,28.50
Sep 5 2001,28.26
Sep 4 2001,27.98
Aug 31 2001,27.30
Aug 30 2001,27.20
Aug 29 2001,27.25
Aug 28 2001,27.70
Aug 27 2001,27.14
Aug 24 2001,26.75
Aug 23 2001,27.00
Aug 22 2001,26.95
Aug 21 2001,27.25
Aug 20 2001,26.90
Aug 17 2001,27.00
Aug 16 2001,27.00
Aug 15 2001,26.95
Aug 14 2001,26.89
Aug 13 2001,27.00
Aug 10 2001,27.08
Aug 9 2001,27.00
Aug 8 2001,27.05
Aug 7 2001,26.65
Aug 6 2001,27.12
Aug 3 2001,27.20
Aug 2 2001,27.10
Aug 1 2001,27.20
Jul 31 2001,27.25
Jul 30 2001,27.20
Jul 27 2001,27.55
Jul 26 2001,26.40
Jul 25 2001,26.60
Jul 24 2001,27.00
Jul 23 2001,27.23
Jul 20 2001,26.73
Jul 19 2001,26.45
Jul 18 2001,26.75
Jul 17 2001,26.12
Jul 16 2001,26.15
Jul 13 2001,26.40
Jul 12 2001,25.50
Jul 11 2001,25.28
Jul 10 2001,25.53
Jul 9 2001,25.20
Jul 6 2001,25.95
Jul 5 2001,25.60
Jul 3 2001,26.00
Jul 2 2001,26.15
Jun 29 2001,26.00
Jun 28 2001,25.85
Jun 27 2001,25.50
Jun 26 2001,24.65
Jun 25 2001,25.90
Jun 22 2001,25.99
Jun 21 2001,26.00
Jun 20 2001,24.85
Jun 19 2001,24.55
Jun 18 2001,24.60
Jun 15 2001,24.25
Jun 14 2001,24.72
Jun 13 2001,24.47
Jun 12 2001,24.80
Jun 11 2001,25.37
Jun 8 2001,25.79
Jun 7 2001,25.94
Jun 6 2001,26.02
Jun 5 2001,26.00
Jun 4 2001,25.45
Jun 1 2001,25.02
May 31 2001,25.45
May 30 2001,25.60
May 29 2001,25.65
May 25 2001,25.82
May 24 2001,25.75
May 23 2001,25.90
May 22 2001,25.90
May 21 2001,25.89
May 18 2001,26.00
May 17 2001,26.65
May 16 2001,26.25
May 15 2001,26.27
May 14 2001,26.12
May 11 2001,26.17
May 10 2001,26.64
May 9 2001,26.57
May 8 2001,27.00
May 7 2001,27.40
May 4 2001,26.30
May 3 2001,26.15
May 2 2001,25.90
May 1 2001,26.16
Apr 30 2001,26.35
Apr 27 2001,26.20
Apr 26 2001,26.15
Apr 25 2001,25.30
Apr 24 2001,25.11
Apr 23 2001,25.52
Apr 20 2001,26.05
Apr 19 2001,26.00
Apr 18 2001,25.99
Apr 17 2001,25.90
Apr 16 2001,25.90
Apr 12 2001,25.50
Apr 11 2001,25.95
Apr 10 2001,25.40
Apr 9 2001,26.35
Apr 6 2001,26.20
Apr 5 2001,25.74
Apr 4 2001,25.68
Apr 3 2001,25.18
Apr 2 2001,26.25
Mar 30 2001,25.99
Mar 29 2001,26.00
Mar 28 2001,26.10
Mar 27 2001,25.95
Mar 26 2001,25.88
Mar 23 2001,26.16
Mar 22 2001,25.34
Mar 21 2001,25.87
Mar 20 2001,25.70
Mar 19 2001,25.60
Mar 16 2001,25.50
Mar 15 2001,25.05
Mar 14 2001,25.35
Mar 13 2001,25.20
Mar 12 2001,25.45
Mar 9 2001,25.10
Mar 8 2001,25.70
Mar 7 2001,25.81
Mar 6 2001,25.99
Mar 5 2001,26.00
Mar 2 2001,25.90
Mar 1 2001,26.05
Feb 28 2001,25.30
Feb 27 2001,26.12
Feb 26 2001,26.40
Feb 23 2001,26.32
Feb 22 2001,27.00
Feb 21 2001,26.85
Feb 20 2001,27.85
Feb 16 2001,27.00
Feb 15 2001,27.00
Feb 14 2001,27.26
Feb 13 2001,27.59
Feb 12 2001,28.00
Feb 9 2001,27.75
Feb 8 2001,27.98
Feb 7 2001,27.48
Feb 6 2001,26.24
Feb 5 2001,24.05
Feb 2 2001,25.20
Feb 1 2001,24.60
Jan 31 2001,24.50
Jan 30 2001,24.00
Jan 29 2001,23.65
Jan 26 2001,23.20
Jan 25 2001,23.84
Jan 24 2001,24.15
Jan 23 2001,24.51
Jan 22 2001,25.06
Jan 19 2001,25.25
Jan 18 2001,26.95
Jan 17 2001,28.20
Jan 16 2001,26.34
Jan 12 2001,26.60
Jan 11 2001,26.45
Jan 10 2001,26.05
Jan 9 2001,25.85
Jan 8 2001,26.20
Jan 5 2001,27.15
Jan 4 2001,27.00
Jan 3 2001,26.55
Jan 2 2001,27.99
Dec 29 2000,28.75
Dec 28 2000,28.50
Dec 27 2000,28.24
Dec 26 2000,28.60
Dec 22 2000,28.13
Dec 21 2000,26.85
Dec 20 2000,26.90
Dec 19 2000,25.52
Dec 18 2000,25.40
Dec 15 2000,25.30
Dec 14 2000,25.65
Dec 13 2000,26.71
Dec 12 2000,26.75
Dec 11 2000,25.99
Dec 8 2000,25.07
Dec 7 2000,24.45
Dec 6 2000,25.00
Dec 5 2000,24.68
Dec 4 2000,24.50
Dec 1 2000,24.19
Nov 30 2000,24.38
Nov 29 2000,24.25
Nov 28 2000,25.31
Nov 27 2000,25.81
Nov 24 2000,26.12
Nov 22 2000,26.19
Nov 21 2000,26.38
Nov 20 2000,26.12
Nov 17 2000,25.81
Nov 16 2000,25.44
Nov 15 2000,25.00
Nov 14 2000,25.12
Nov 13 2000,24.50
Nov 10 2000,23.88
Nov 9 2000,23.81
Nov 8 2000,23.38
Nov 7 2000,22.56
Nov 6 2000,22.19
Nov 3 2000,21.62
Nov 2 2000,22.50
Nov 1 2000,22.00
Oct 31 2000,23.12
Oct 30 2000,23.00
Oct 27 2000,21.94
Oct 26 2000,22.12
Oct 25 2000,23.50
Oct 24 2000,23.81
Oct 23 2000,24.00
Oct 20 2000,23.75
Oct 19 2000,23.25
Oct 18 2000,23.38
Oct 17 2000,23.94
Oct 16 2000,24.25
Oct 13 2000,24.06
Oct 12 2000,24.00
Oct 11 2000,24.62
Oct 10 2000,24.25
Oct 9 2000,24.62
Oct 6 2000,24.56
Oct 5 2000,24.19
Oct 4 2000,24.19
Oct 3 2000,24.44
Oct 2 2000,24.50
Sep 29 2000,24.12
Sep 28 2000,23.75
Sep 27 2000,22.94
Sep 26 2000,23.25
Sep 25 2000,23.25
Sep 22 2000,22.38
Sep 21 2000,22.50
Sep 20 2000,22.31
Sep 19 2000,22.12
Sep 18 2000,22.31
Sep 15 2000,21.88
Sep 14 2000,22.12
Sep 13 2000,22.75
Sep 12 2000,21.50
Sep 11 2000,21.50
Sep 8 2000,22.31
Sep 7 2000,21.50
Sep 6 2000,20.31
Sep 5 2000,19.94
Sep 1 2000,19.31
Aug 31 2000,18.88
Aug 30 2000,18.50
Aug 29 2000,18.12
Aug 28 2000,19.25
Aug 25 2000,19.12
Aug 24 2000,18.38
Aug 23 2000,18.38
Aug 22 2000,18.50
Aug 21 2000,18.50
Aug 18 2000,18.50
Aug 17 2000,18.25
Aug 16 2000,18.12
Aug 15 2000,18.62
Aug 14 2000,18.62
Aug 11 2000,18.25
Aug 10 2000,18.38
Aug 9 2000,18.38
Aug 8 2000,18.25
Aug 7 2000,18.50
Aug 4 2000,18.38
Aug 3 2000,18.25
Aug 2 2000,18.00
Aug 1 2000,18.00
Jul 31 2000,18.00
Jul 28 2000,18.00
Jul 27 2000,18.00
Jul 26 2000,17.88
Jul 25 2000,17.88
Jul 24 2000,18.00
Jul 21 2000,18.25
Jul 20 2000,18.00
Jul 19 2000,18.12
Jul 18 2000,18.12
Jul 17 2000,18.12
Jul 14 2000,18.12
Jul 13 2000,18.38
Jul 12 2000,18.38
Jul 11 2000,18.62
Jul 10 2000,18.75
Jul 7 2000,18.38
Jul 6 2000,19.25
Jul 5 2000,19.38
Jul 3 2000,19.25
Jun 30 2000,18.62
Jun 29 2000,18.38
Jun 28 2000,18.00
Jun 27 2000,17.88
Jun 26 2000,17.38
Jun 23 2000,17.38
Jun 22 2000,17.50
Jun 21 2000,17.38
Jun 20 2000,17.62
Jun 19 2000,17.50
Jun 16 2000,17.50
Jun 15 2000,17.38
Jun 14 2000,17.62
Jun 13 2000,17.50
Jun 12 2000,17.62
Jun 9 2000,17.75
Jun 8 2000,17.75
Jun 7 2000,17.50
Jun 6 2000,17.75
Jun 5 2000,18.12
Jun 2 2000,18.00
Jun 1 2000,17.75
May 31 2000,17.88
May 30 2000,18.00
May 26 2000,18.00
May 25 2000,18.12
May 24 2000,17.12
May 23 2000,17.12
May 22 2000,17.25
May 19 2000,17.12
May 18 2000,17.12
May 17 2000,17.50
May 16 2000,16.62
May 15 2000,16.62
May 12 2000,16.50
May 11 2000,16.50
May 10 2000,16.62
May 9 2000,16.50
May 8 2000,16.62
May 5 2000,17.88
May 4 2000,16.25
May 3 2000,16.00
May 2 2000,16.00
May 1 2000,16.00
Apr 28 2000,15.88
Apr 27 2000,16.12
Apr 26 2000,16.88
Apr 25 2000,16.00
Apr 24 2000,16.00
Apr 20 2000,16.00
Apr 19 2000,15.50
Apr 18 2000,16.12
Apr 17 2000,16.00
Apr 14 2000,16.12
Apr 13 2000,16.50
Apr 12 2000,16.50
Apr 11 2000,16.50
Apr 10 2000,16.62
Apr 7 2000,17.00
Apr 6 2000,17.12
Apr 5 2000,17.75
Apr 4 2000,17.88
Apr 3 2000,18.00
Mar 31 2000,17.00
Mar 30 2000,15.38
Mar 29 2000,15.12
Mar 28 2000,15.25
Mar 27 2000,15.12
Mar 24 2000,15.62
Mar 23 2000,16.00
Mar 22 2000,16.50
Mar 21 2000,16.50
Mar 20 2000,16.50
Mar 17 2000,16.50
Mar 16 2000,16.62
Mar 15 2000,16.62
Mar 14 2000,16.62
Mar 13 2000,16.62
Mar 10 2000,16.62
Mar 9 2000,16.75
Mar 8 2000,16.38
Mar 7 2000,16.62
Mar 6 2000,16.88
Mar 3 2000,17.00
Mar 2 2000,17.00
Mar 1 2000,17.12
Feb 29 2000,17.12
Feb 28 2000,17.00
Feb 25 2000,17.00
Feb 24 2000,17.12
Feb 23 2000,16.88
Feb 22 2000,17.25
Feb 18 2000,18.12
Feb 17 2000,18.00
Feb 16 2000,17.88
Feb 15 2000,17.25
Feb 14 2000,17.38
Feb 11 2000,17.88
Feb 10 2000,18.25
Feb 9 2000,18.12
Feb 8 2000,18.12
Feb 7 2000,17.75
Feb 4 2000,17.50
Feb 3 2000,17.50
Feb 2 2000,17.50
Feb 1 2000,17.50
Jan 31 2000,18.12
Jan 28 2000,18.38
Jan 27 2000,18.62
Jan 26 2000,18.38
Jan 25 2000,18.62
Jan 24 2000,19.12
Jan 21 2000,19.25
Jan 20 2000,19.50
Jan 19 2000,19.25
Jan 18 2000,19.25
Jan 14 2000,19.12
Jan 13 2000,19.12
Jan 12 2000,19.00
Jan 11 2000,19.00
Jan 10 2000,19.25
Jan 7 2000,19.12
Jan 6 2000,18.75
Jan 5 2000,18.88
Jan 4 2000,19.12
Jan 3 2000,19.50
Dec 31 1999,19.38
Dec 30 1999,19.38
Dec 29 1999,19.00
Dec 28 1999,19.12
Dec 27 1999,19.12
Dec 23 1999,19.25
Dec 22 1999,19.75
Dec 21 1999,19.50
Dec 20 1999,20.00
Dec 17 1999,19.88
Dec 16 1999,19.88
Dec 15 1999,20.12
Dec 14 1999,20.00
Dec 13 1999,19.50
Dec 10 1999,19.50
Dec 9 1999,19.50
Dec 8 1999,19.62
Dec 7 1999,19.62
Dec 6 1999,19.75
Dec 3 1999,19.75
Dec 2 1999,20.00
Dec 1 1999,20.12
Nov 30 1999,20.00
Nov 29 1999,20.25
Nov 26 1999,20.25
Nov 24 1999,20.25
Nov 23 1999,20.38
Nov 22 1999,20.25
Nov 19 1999,20.25
Nov 18 1999,21.00
Nov 17 1999,21.00
Nov 16 1999,21.12
Nov 15 1999,21.12
Nov 12 1999,20.88
Nov 11 1999,20.88
Nov 10 1999,20.88
Nov 9 1999,20.75
Nov 8 1999,20.88
Nov 5 1999,20.25
Nov 4 1999,20.12
Nov 3 1999,20.12
Nov 2 1999,20.25
Nov 1 1999,19.88
Oct 29 1999,20.12
Oct 28 1999,20.12
Oct 27 1999,20.00
Oct 26 1999,19.88
Oct 25 1999,19.75
Oct 22 1999,19.88
Oct 21 1999,19.75
Oct 20 1999,19.62
Oct 19 1999,20.00
Oct 18 1999,19.75
Oct 15 1999,19.75
Oct 14 1999,20.38
Oct 13 1999,21.00
Oct 12 1999,21.50
Oct 11 1999,21.50
Oct 8 1999,21.62
Oct 7 1999,21.50
Oct 6 1999,21.12
Oct 5 1999,21.38
Oct 4 1999,21.25
Oct 1 1999,21.12
Sep 30 1999,21.38
Sep 29 1999,22.00
Sep 28 1999,22.00
Sep 27 1999,22.25
Sep 24 1999,22.25
Sep 23 1999,22.25
Sep 22 1999,22.25
Sep 21 1999,22.25
Sep 20 1999,22.50
Sep 17 1999,22.50
Sep 16 1999,22.88
Sep 15 1999,22.50
Sep 14 1999,22.75
Sep 13 1999,23.00
Sep 10 1999,23.00
Sep 9 1999,22.75
Sep 8 1999,23.12
Sep 7 1999,23.25
Sep 3 1999,23.00
Sep 2 1999,23.12
Sep 1 1999,23.00
Aug 31 1999,22.75
Aug 30 1999,23.38
Aug 27 1999,23.62
Aug 26 1999,23.62
Aug 25 1999,23.75
Aug 24 1999,23.75
Aug 23 1999,23.50
Aug 20 1999,23.50
Aug 19 1999,23.38
Aug 18 1999,23.38
Aug 17 1999,23.75
Aug 16 1999,23.88
Aug 13 1999,24.00
Aug 12 1999,24.00
Aug 11 1999,23.88
Aug 10 1999,23.88
Aug 9 1999,23.75
Aug 6 1999,23.88
Aug 5 1999,23.88
Aug 4 1999,23.88
Aug 3 1999,24.00
Aug 2 1999,24.12
Jul 30 1999,23.62
Jul 29 1999,24.12
Jul 28 1999,24.38
Jul 27 1999,24.88
Jul 26 1999,25.25
Jul 23 1999,25.38
Jul 22 1999,25.62
Jul 21 1999,25.38
Jul 20 1999,24.25
Jul 19 1999,24.12
Jul 16 1999,23.62
Jul 15 1999,23.12
Jul 14 1999,23.00
Jul 13 1999,22.75
Jul 12 1999,23.12
Jul 9 1999,22.88
Jul 8 1999,22.88
Jul 7 1999,22.88
Jul 6 1999,22.38
Jul 2 1999,22.75
Jul 1 1999,22.25
Jun 30 1999,22.50
Jun 29 1999,22.00
Jun 28 1999,22.38
Jun 25 1999,22.38
Jun 24 1999,22.50
Jun 23 1999,22.38
Jun 22 1999,22.38
Jun 21 1999,22.50
Jun 18 1999,22.62
Jun 17 1999,22.50
Jun 16 1999,22.50
Jun 15 1999,22.38
Jun 14 1999,22.12
Jun 11 1999,22.50
Jun 10 1999,22.50
Jun 9 1999,22.12
Jun 8 1999,22.25
Jun 7 1999,22.00
Jun 4 1999,21.88
Jun 3 1999,22.00
Jun 2 1999,21.12
Jun 1 1999,20.62
May 28 1999,20.62
May 27 1999,20.62
May 26 1999,20.88
May 25 1999,20.88
May 24 1999,21.00
May 21 1999,21.00
May 20 1999,21.25
May 19 1999,21.38
May 18 1999,21.38
May 17 1999,21.25
May 14 1999,21.50
May 13 1999,21.62
May 12 1999,21.50
May 11 1999,22.00
May 10 1999,22.00
May 7 1999,22.00
May 6 1999,21.88
May 5 1999,21.88
May 4 1999,21.88
May 3 1999,21.50
Apr 30 1999,21.38
Apr 29 1999,20.75
Apr 28 1999,21.12
Apr 27 1999,21.12
Apr 26 1999,21.50
Apr 23 1999,21.38
Apr 22 1999,21.38
Apr 21 1999,21.62
Apr 20 1999,21.50
Apr 19 1999,21.62
Apr 16 1999,21.50
Apr 15 1999,22.12
Apr 14 1999,21.25
Apr 13 1999,21.25
Apr 12 1999,21.38
Apr 9 1999,21.12
Apr 8 1999,21.12
Apr 7 1999,21.12
Apr 6 1999,21.62
Apr 5 1999,21.75
Apr 1 1999,22.25
Mar 31 1999,22.50
Mar 30 1999,22.62
Mar 29 1999,22.88
Mar 26 1999,22.88
Mar 25 1999,22.88
Mar 24 1999,22.88
Mar 23 1999,22.88
Mar 22 1999,22.88
Mar 19 1999,22.38
Mar 18 1999,22.25
Mar 17 1999,22.12
Mar 16 1999,22.38
Mar 15 1999,22.12
Mar 12 1999,22.25
Mar 11 1999,22.00
Mar 10 1999,22.00
Mar 9 1999,22.00
Mar 8 1999,22.62
Mar 5 1999,22.50
Mar 4 1999,22.88
Mar 3 1999,23.62
Mar 2 1999,23.88
Mar 1 1999,23.75
Feb 26 1999,23.50
Feb 25 1999,23.38
Feb 24 1999,23.00
Feb 23 1999,23.38
Feb 22 1999,23.50
Feb 19 1999,23.62
Feb 18 1999,23.50
Feb 17 1999,23.75
Feb 16 1999,24.25
Feb 12 1999,24.38
Feb 11 1999,24.38
Feb 10 1999,24.38
Feb 9 1999,24.38
Feb 8 1999,24.38
Feb 5 1999,24.38
Feb 4 1999,24.38
Feb 3 1999,24.50
Feb 2 1999,24.38
Feb 1 1999,24.75
Jan 29 1999,25.12
Jan 28 1999,25.00
Jan 27 1999,25.00
Jan 26 1999,25.12
Jan 25 1999,25.12
Jan 22 1999,25.00
Jan 21 1999,25.00
Jan 20 1999,25.12
Jan 19 1999,25.00
Jan 15 1999,25.00
Jan 14 1999,25.00
Jan 13 1999,24.75
Jan 12 1999,24.88
Jan 11 1999,25.00
Jan 8 1999,25.12
Jan 7 1999,25.25
Jan 6 1999,25.62
Jan 5 1999,25.62
Jan 4 1999,24.75
Dec 31 1998,23.88
Dec 30 1998,23.12
Dec 29 1998,22.12
Dec 28 1998,22.75
Dec 24 1998,22.88
Dec 23 1998,22.88
Dec 22 1998,23.25
Dec 21 1998,22.88
Dec 18 1998,23.25
Dec 17 1998,23.12
Dec 16 1998,23.12
Dec 15 1998,23.00
Dec 14 1998,23.25
Dec 11 1998,23.50
Dec 10 1998,23.88
Dec 9 1998,24.00
Dec 8 1998,24.25
Dec 7 1998,23.75
Dec 4 1998,23.62
Dec 3 1998,23.75
Dec 2 1998,23.75
Dec 1 1998,23.25
Nov 30 1998,23.38
Nov 27 1998,23.38
Nov 25 1998,23.25
Nov 24 1998,23.25
Nov 23 1998,24.00
Nov 20 1998,23.88
Nov 19 1998,22.88
Nov 18 1998,23.00
Nov 17 1998,22.62
Nov 16 1998,22.88
Nov 13 1998,23.38
Nov 12 1998,23.75
Nov 11 1998,23.75
Nov 10 1998,24.50
Nov 9 1998,24.50
Nov 6 1998,24.62
Nov 5 1998,24.00
Nov 4 1998,23.25
Nov 3 1998,23.12
Nov 2 1998,22.12
Oct 30 1998,21.75
Oct 29 1998,21.62
Oct 28 1998,21.75
Oct 27 1998,21.88
Oct 26 1998,22.00
Oct 23 1998,22.12
Oct 22 1998,22.00
Oct 21 1998,21.75
Oct 20 1998,21.00
Oct 19 1998,20.75
Oct 16 1998,21.00
Oct 15 1998,21.25
Oct 14 1998,20.88
Oct 13 1998,21.38
Oct 12 1998,21.38
Oct 9 1998,21.75
Oct 8 1998,21.88
Oct 7 1998,21.88
Oct 6 1998,22.00
Oct 5 1998,22.00
Oct 2 1998,21.38
Oct 1 1998,21.50
Sep 30 1998,22.00
Sep 29 1998,21.50
Sep 28 1998,22.50
Sep 25 1998,22.62
Sep 24 1998,23.38
Sep 23 1998,23.25
Sep 22 1998,22.88
Sep 21 1998,22.88
Sep 18 1998,22.75
Sep 17 1998,22.88
Sep 16 1998,22.75
Sep 15 1998,22.75
Sep 14 1998,22.75
Sep 11 1998,22.75
Sep 10 1998,22.75
Sep 9 1998,22.88
Sep 8 1998,22.00
Sep 4 1998,22.00
Sep 3 1998,22.12
Sep 2 1998,22.12
Sep 1 1998,21.62
Aug 31 1998,22.25
Aug 28 1998,22.62
Aug 27 1998,23.12
Aug 26 1998,23.50
Aug 25 1998,23.50
Aug 24 1998,23.88
Aug 21 1998,23.88
Aug 20 1998,23.62
Aug 19 1998,24.38
Aug 18 1998,23.75
Aug 17 1998,23.75
Aug 14 1998,23.62
Aug 13 1998,23.88
Aug 12 1998,23.88
Aug 11 1998,24.00
Aug 10 1998,24.38
Aug 7 1998,24.12
Aug 6 1998,24.00
Aug 5 1998,24.00
Aug 4 1998,24.12
Aug 3 1998,23.75
Jul 31 1998,24.25
Jul 30 1998,23.62
Jul 29 1998,23.50
Jul 28 1998,23.88
Jul 27 1998,23.88
Jul 24 1998,24.00
Jul 23 1998,24.12
Jul 22 1998,24.25
Jul 21 1998,24.75
Jul 20 1998,24.62
Jul 17 1998,24.75
Jul 16 1998,24.75
Jul 15 1998,24.62
Jul 14 1998,24.75
Jul 13 1998,24.75
Jul 10 1998,24.88
Jul 9 1998,24.88
Jul 8 1998,24.75
Jul 7 1998,24.88
Jul 6 1998,25.00
Jul 2 1998,24.88
Jul 1 1998,24.75
Jun 30 1998,24.75
Jun 29 1998,24.75
Jun 26 1998,25.00
Jun 25 1998,23.88
Jun 24 1998,23.75
Jun 23 1998,23.62
Jun 22 1998,23.62
Jun 19 1998,24.12
Jun 18 1998,24.62
Jun 17 1998,24.00
Jun 16 1998,23.25
Jun 15 1998,23.25
Jun 12 1998,23.38
Jun 11 1998,23.88
Jun 10 1998,24.38
Jun 9 1998,24.00
Jun 8 1998,24.00
Jun 5 1998,24.00
Jun 4 1998,24.00
Jun 3 1998,24.12
Jun 2 1998,24.00
Jun 1 1998,23.75
May 29 1998,24.38
May 28 1998,24.38
May 27 1998,24.25
May 26 1998,24.62
May 22 1998,24.75
May 21 1998,24.88
May 20 1998,24.88
May 19 1998,24.62
May 18 1998,24.88
May 15 1998,25.00
May 14 1998,25.12
May 13 1998,25.12
May 12 1998,25.50
May 11 1998,25.25
May 8 1998,25.25
May 7 1998,25.00
May 6 1998,25.12
May 5 1998,25.00
May 4 1998,24.50
May 1 1998,24.50
Apr 30 1998,24.50
Apr 29 1998,24.12
Apr 28 1998,23.62
Apr 27 1998,24.00
Apr 24 1998,24.12
Apr 23 1998,24.50
Apr 22 1998,24.50
Apr 21 1998,24.75
Apr 20 1998,24.50
Apr 17 1998,24.75
Apr 16 1998,24.75
Apr 15 1998,25.00
Apr 14 1998,24.88
Apr 13 1998,25.12
Apr 9 1998,25.12
Apr 8 1998,25.25
Apr 7 1998,26.12
Apr 6 1998,26.62
Apr 3 1998,26.38
Apr 2 1998,26.12
Apr 1 1998,26.12
Mar 31 1998,25.62
Mar 30 1998,25.50
Mar 27 1998,26.00
Mar 26 1998,26.12
Mar 25 1998,26.25
Mar 24 1998,26.38
Mar 23 1998,26.50
Mar 20 1998,26.88
Mar 19 1998,27.25
Mar 18 1998,27.00
Mar 17 1998,27.12
Mar 16 1998,27.75
Mar 13 1998,27.62
Mar 12 1998,27.12
Mar 11 1998,26.50
Mar 10 1998,26.25
Mar 9 1998,26.25
Mar 6 1998,26.12
Mar 5 1998,26.38
Mar 4 1998,26.62
Mar 3 1998,26.38
Mar 2 1998,26.50
Feb 27 1998,27.00
Feb 26 1998,26.88
Feb 25 1998,26.88
Feb 24 1998,27.50
Feb 23 1998,28.00
Feb 20 1998,26.62
Feb 19 1998,26.25
Feb 18 1998,26.25
Feb 17 1998,26.12
Feb 13 1998,26.25
Feb 12 1998,26.12
Feb 11 1998,26.12
Feb 10 1998,26.12
Feb 9 1998,26.25
Feb 6 1998,26.00
Feb 5 1998,26.12
Feb 4 1998,26.25
Feb 3 1998,26.00
Feb 2 1998,25.62
Jan 30 1998,25.38
Jan 29 1998,25.00
Jan 28 1998,24.38
Jan 27 1998,24.00
Jan 26 1998,24.00
Jan 23 1998,24.12
Jan 22 1998,24.50
Jan 21 1998,25.00
Jan 20 1998,24.75
Jan 16 1998,24.38
Jan 15 1998,24.00
Jan 14 1998,24.00
Jan 13 1998,23.88
Jan 12 1998,24.00
Jan 9 1998,24.00
Jan 8 1998,24.00
Jan 7 1998,24.12
Jan 6 1998,24.38
Jan 5 1998,24.12
Jan 2 1998,23.62
Dec 31 1997,24.12
Dec 30 1997,24.88
Dec 29 1997,24.62
Dec 26 1997,24.38
Dec 24 1997,24.50
Dec 23 1997,24.62
Dec 22 1997,24.12
Dec 19 1997,24.62
Dec 18 1997,25.00
Dec 17 1997,24.75
Dec 16 1997,24.75
Dec 15 1997,24.88
Dec 12 1997,24.38
Dec 11 1997,24.88
Dec 10 1997,24.88
Dec 9 1997,24.88
Dec 8 1997,24.50
Dec 5 1997,25.00
Dec 4 1997,24.38
Dec 3 1997,25.50
Dec 2 1997,24.88
Dec 1 1997,24.75
Nov 28 1997,24.38
Nov 26 1997,24.00
Nov 25 1997,24.62
Nov 24 1997,25.00
Nov 21 1997,25.00
Nov 20 1997,25.12
Nov 19 1997,25.38
Nov 18 1997,25.38
Nov 17 1997,26.50
Nov 14 1997,26.50
Nov 13 1997,25.88
Nov 12 1997,26.25
Nov 11 1997,26.62
Nov 10 1997,26.50
Nov 7 1997,26.75
Nov 6 1997,27.00
Nov 5 1997,27.25
Nov 4 1997,27.75
Nov 3 1997,27.25
Oct 31 1997,26.25
Oct 30 1997,25.88
Oct 29 1997,25.38
Oct 28 1997,25.38
Oct 27 1997,26.25
Oct 24 1997,25.75
Oct 23 1997,26.25
Oct 22 1997,26.75
Oct 21 1997,25.50
Oct 20 1997,25.25
Oct 17 1997,26.00
Oct 16 1997,26.88
Oct 15 1997,27.62
Oct 14 1997,27.75
Oct 13 1997,27.75
Oct 10 1997,27.75
Oct 9 1997,28.00
Oct 8 1997,27.88
Oct 7 1997,28.38
Oct 6 1997,29.38
Oct 3 1997,29.38
Oct 2 1997,28.75
Oct 1 1997,27.75
Sep 30 1997,27.62
Sep 29 1997,27.50
Sep 26 1997,27.38
Sep 25 1997,27.50
Sep 24 1997,27.50
Sep 23 1997,26.62
Sep 22 1997,27.38
Sep 19 1997,27.38
Sep 18 1997,27.25
Sep 17 1997,27.00
Sep 16 1997,26.50
Sep 15 1997,26.12
Sep 12 1997,26.00
Sep 11 1997,26.25
Sep 10 1997,25.88
Sep 9 1997,25.88
Sep 8 1997,26.38
Sep 5 1997,25.62
Sep 4 1997,27.25
Sep 3 1997,27.88
Sep 2 1997,26.62
Aug 29 1997,25.88
Aug 28 1997,25.62
Aug 27 1997,24.62
Aug 26 1997,24.38
Aug 25 1997,24.62
Aug 22 1997,24.88
Aug 21 1997,24.50
Aug 20 1997,23.88
Aug 19 1997,23.62
Aug 18 1997,23.38
Aug 15 1997,23.38
Aug 14 1997,23.25
Aug 13 1997,23.38
Aug 12 1997,22.62
Aug 11 1997,22.62
Aug 8 1997,23.00
Aug 7 1997,23.00
Aug 6 1997,22.75
Aug 5 1997,23.12
Aug 4 1997,23.00
Aug 1 1997,24.12
Jul 31 1997,23.75
Jul 30 1997,22.75
Jul 29 1997,22.12
Jul 28 1997,22.00
Jul 25 1997,21.75
Jul 24 1997,21.88
Jul 23 1997,21.38
Jul 22 1997,21.25
Jul 21 1997,20.25
Jul 18 1997,20.25
Jul 17 1997,20.50
Jul 16 1997,20.50
Jul 15 1997,21.12
Jul 14 1997,21.88
Jul 11 1997,21.75
Jul 10 1997,22.00
Jul 9 1997,22.25
Jul 8 1997,22.38
Jul 7 1997,23.50
Jul 3 1997,23.25
Jul 2 1997,23.12
Jul 1 1997,21.88
Jun 30 1997,21.75
Jun 27 1997,21.38
Jun 26 1997,21.12
Jun 25 1997,21.12
Jun 24 1997,21.12
Jun 23 1997,20.75
Jun 20 1997,20.75
Jun 19 1997,20.88
Jun 18 1997,20.62
Jun 17 1997,20.88
Jun 16 1997,21.12
Jun 13 1997,20.62
Jun 12 1997,20.00
Jun 11 1997,20.00
Jun 10 1997,19.75
Jun 9 1997,19.75
Jun 6 1997,19.75
Jun 5 1997,19.62
Jun 4 1997,19.25
Jun 3 1997,19.00
Jun 2 1997,19.38
May 30 1997,17.88
May 29 1997,17.12
May 28 1997,17.25
May 27 1997,17.50
May 23 1997,17.12
May 22 1997,16.88
May 21 1997,16.88
May 20 1997,16.88
May 19 1997,17.00
May 16 1997,17.00
May 15 1997,17.38
May 14 1997,17.62
May 13 1997,17.25
May 12 1997,17.00
May 9 1997,16.62
May 8 1997,16.88
May 7 1997,17.00
May 6 1997,17.50
May 5 1997,17.75
May 2 1997,17.38
May 1 1997,17.38
Apr 30 1997,17.12
Apr 29 1997,16.88
Apr 28 1997,16.75
Apr 25 1997,16.62
Apr 24 1997,16.50
Apr 23 1997,17.12
Apr 22 1997,17.00
Apr 21 1997,16.75
Apr 18 1997,16.75
Apr 17 1997,16.25
Apr 16 1997,16.25
Apr 15 1997,16.25
Apr 14 1997,16.25
Apr 11 1997,16.62
Apr 10 1997,16.62
Apr 9 1997,16.75
Apr 8 1997,16.38
Apr 7 1997,16.88
Apr 4 1997,17.00
Apr 3 1997,16.50
Apr 2 1997,16.75
Apr 1 1997,16.62
Mar 31 1997,17.00
Mar 27 1997,17.38
Mar 26 1997,18.00
Mar 25 1997,18.25
Mar 24 1997,18.25
Mar 21 1997,18.12
Mar 20 1997,18.62
Mar 19 1997,18.75
Mar 18 1997,18.62
Mar 17 1997,18.88
Mar 14 1997,18.12
Mar 13 1997,18.50
Mar 12 1997,18.62
Mar 11 1997,18.25
Mar 10 1997,18.00
Mar 7 1997,17.62
Mar 6 1997,17.12
Mar 5 1997,17.12
Mar 4 1997,16.75
Mar 3 1997,16.62
Feb 28 1997,16.75
Feb 27 1997,17.00
Feb 26 1997,17.50
Feb 25 1997,18.00
Feb 24 1997,18.00
Feb 21 1997,18.12
Feb 20 1997,18.38
Feb 19 1997,18.00
Feb 18 1997,17.88
Feb 14 1997,17.50
Feb 13 1997,17.00
Feb 12 1997,17.25
Feb 11 1997,17.12
Feb 10 1997,17.62
Feb 7 1997,17.75
Feb 6 1997,17.38
Feb 5 1997,18.00
Feb 4 1997,18.12
Feb 3 1997,17.50
Jan 31 1997,17.50
Jan 30 1997,17.62
Jan 29 1997,17.75
Jan 28 1997,17.62
Jan 27 1997,17.50
Jan 24 1997,17.75
Jan 23 1997,17.88
Jan 22 1997,17.88
Jan 21 1997,18.00
Jan 20 1997,18.00
Jan 17 1997,18.12
Jan 16 1997,18.38
Jan 15 1997,18.50
Jan 14 1997,18.00
Jan 13 1997,18.12
Jan 10 1997,18.25
Jan 9 1997,17.62
Jan 8 1997,17.12
Jan 7 1997,17.38
Jan 6 1997,17.38
Jan 3 1997,17.50
Jan 2 1997,17.62
Dec 31 1996,17.62
Dec 30 1996,17.62
Dec 27 1996,17.50
Dec 26 1996,17.38
Dec 24 1996,17.25
Dec 23 1996,17.75
Dec 20 1996,17.38
Dec 19 1996,17.25
Dec 18 1996,17.62
Dec 17 1996,17.25
Dec 16 1996,18.00
Dec 13 1996,17.88
Dec 12 1996,18.00
Dec 11 1996,18.00
Dec 10 1996,18.25
Dec 9 1996,18.00
Dec 6 1996,18.12
Dec 5 1996,18.75
Dec 4 1996,18.50
Dec 3 1996,18.12
Dec 2 1996,18.00
Nov 29 1996,18.25
Nov 27 1996,18.12
Nov 26 1996,17.88
Nov 25 1996,17.50
Nov 22 1996,17.38
Nov 21 1996,17.25
Nov 20 1996,17.25
Nov 19 1996,16.88
Nov 18 1996,16.75
Nov 15 1996,17.38
Nov 14 1996,17.25
Nov 13 1996,17.12
Nov 12 1996,17.25
Nov 11 1996,17.00
Nov 8 1996,16.88
Nov 7 1996,16.75
Nov 6 1996,16.75
Nov 5 1996,16.62
Nov 4 1996,16.50
Nov 1 1996,16.50
Oct 31 1996,16.50
Oct 30 1996,16.50
Oct 29 1996,16.50
Oct 28 1996,17.00
Oct 25 1996,17.00
Oct 24 1996,16.88
Oct 23 1996,16.88
Oct 22 1996,17.25
Oct 21 1996,17.25
Oct 18 1996,17.38
Oct 17 1996,17.00
Oct 16 1996,17.00
Oct 15 1996,17.38
Oct 14 1996,17.38
Oct 11 1996,17.12
Oct 10 1996,17.00
Oct 9 1996,17.00
Oct 8 1996,17.00
Oct 7 1996,17.12
Oct 4 1996,17.12
Oct 3 1996,17.12
Oct 2 1996,17.12
Oct 1 1996,17.00
Sep 30 1996,17.00
Sep 27 1996,17.00
Sep 26 1996,17.12
Sep 25 1996,17.12
Sep 24 1996,17.00
Sep 23 1996,17.25
Sep 20 1996,17.12
Sep 19 1996,17.00
Sep 18 1996,17.12
Sep 17 1996,17.12
Sep 16 1996,17.75
Sep 13 1996,17.00
Sep 12 1996,17.00
Sep 11 1996,17.00
Sep 10 1996,17.00
Sep 9 1996,17.00
Sep 6 1996,16.62
Sep 5 1996,16.62
Sep 4 1996,16.75
Sep 3 1996,16.50
Aug 30 1996,16.75
Aug 29 1996,16.88
Aug 28 1996,17.25
Aug 27 1996,16.75
Aug 26 1996,17.00
Aug 23 1996,17.00
Aug 22 1996,17.12
Aug 21 1996,17.50
Aug 20 1996,17.25
Aug 19 1996,17.25
Aug 16 1996,17.25
Aug 15 1996,17.38
Aug 14 1996,17.62
Aug 13 1996,17.88
Aug 12 1996,17.75
Aug 9 1996,17.88
Aug 8 1996,18.12
Aug 7 1996,17.88
Aug 6 1996,17.88
Aug 5 1996,18.12
Aug 2 1996,18.00
Aug 1 1996,17.75
Jul 31 1996,18.12
Jul 30 1996,17.88
Jul 29 1996,17.88
Jul 26 1996,18.00
Jul 25 1996,18.00
Jul 24 1996,18.50
Jul 23 1996,18.50
Jul 22 1996,18.50
Jul 19 1996,19.00
Jul 18 1996,18.50
Jul 17 1996,18.75
Jul 16 1996,18.62
Jul 15 1996,18.38
Jul 12 1996,18.88
Jul 11 1996,19.38
Jul 10 1996,19.38
Jul 9 1996,19.25
Jul 8 1996,19.25
Jul 5 1996,19.88
Jul 3 1996,19.38
Jul 2 1996,19.38
Jul 1 1996,19.50
Jun 28 1996,19.88
Jun 27 1996,19.50
Jun 26 1996,19.00
Jun 25 1996,19.62
Jun 24 1996,19.88
Jun 21 1996,19.50
Jun 20 1996,19.88
Jun 19 1996,19.50
Jun 18 1996,19.25
Jun 17 1996,19.12
Jun 14 1996,19.38
Jun 13 1996,19.75
Jun 12 1996,20.25
Jun 11 1996,20.25
Jun 10 1996,20.62
Jun 7 1996,20.62
Jun 6 1996,20.25
Jun 5 1996,20.75
Jun 4 1996,20.50
Jun 3 1996,20.38
May 31 1996,20.62
May 30 1996,20.75
May 29 1996,20.88
May 28 1996,20.88
May 24 1996,21.00
May 23 1996,20.88
May 22 1996,21.00
May 21 1996,20.88
May 20 1996,20.88
May 17 1996,20.88
May 16 1996,21.00
May 15 1996,20.88
May 14 1996,20.88
May 13 1996,21.62
May 10 1996,21.62
May 9 1996,21.62
May 8 1996,21.00
May 7 1996,21.00
May 6 1996,21.00
May 3 1996,21.00
May 2 1996,21.25
May 1 1996,21.12
Apr 30 1996,21.12
Apr 29 1996,21.38
Apr 26 1996,21.62
Apr 25 1996,21.38
Apr 24 1996,21.75
Apr 23 1996,21.38
Apr 22 1996,21.38
Apr 19 1996,21.25
Apr 18 1996,21.38
Apr 17 1996,21.00
Apr 16 1996,21.25
Apr 15 1996,21.38
Apr 12 1996,21.50
Apr 11 1996,21.12
Apr 10 1996,21.25
Apr 9 1996,20.38
Apr 8 1996,21.25
Apr 4 1996,21.25
Apr 3 1996,21.12
Apr 2 1996,21.88
Apr 1 1996,22.12
Mar 29 1996,20.88
Mar 28 1996,20.62
Mar 27 1996,20.38
Mar 26 1996,20.12
Mar 25 1996,19.88
Mar 22 1996,20.12
Mar 21 1996,20.38
Mar 20 1996,20.38
Mar 19 1996,20.50
Mar 18 1996,20.38
Mar 15 1996,20.12
Mar 14 1996,20.00
Mar 13 1996,20.25
Mar 12 1996,20.00
Mar 11 1996,19.75
Mar 8 1996,20.38
Mar 7 1996,20.38
Mar 6 1996,20.88
Mar 5 1996,21.75
Mar 4 1996,21.75
Mar 1 1996,20.12
Feb 29 1996,20.00
Feb 28 1996,20.38
Feb 27 1996,20.00
Feb 26 1996,20.12
Feb 23 1996,20.12
Feb 22 1996,19.88
Feb 21 1996,19.75
Feb 20 1996,19.88
Feb 16 1996,19.62
Feb 15 1996,19.88
Feb 14 1996,19.88
Feb 13 1996,19.75
Feb 12 1996,19.88
Feb 9 1996,19.75
Feb 8 1996,20.12
Feb 7 1996,20.12
Feb 6 1996,20.12
Feb 5 1996,20.50
Feb 2 1996,20.62
Feb 1 1996,20.75
Jan 31 1996,21.12
Jan 30 1996,20.62
Jan 29 1996,20.88
Jan 26 1996,20.88
Jan 25 1996,20.75
Jan 24 1996,20.88
Jan 23 1996,20.75
Jan 22 1996,20.50
Jan 19 1996,20.12
Jan 18 1996,20.00
Jan 17 1996,20.25
Jan 16 1996,19.88
Jan 15 1996,20.25
Jan 12 1996,20.38
Jan 11 1996,20.62
Jan 10 1996,21.12
Jan 9 1996,21.00
Jan 8 1996,21.25
Jan 5 1996,21.62
Jan 4 1996,20.88
Jan 3 1996,21.00
Jan 2 1996,21.75
Dec 29 1995,21.38
Dec 28 1995,20.62
Dec 27 1995,18.88
Dec 26 1995,18.12
Dec 22 1995,17.88
Dec 21 1995,18.25
Dec 20 1995,18.12
Dec 19 1995,18.00
Dec 18 1995,18.38
Dec 15 1995,18.88
Dec 14 1995,19.00
Dec 13 1995,18.88
Dec 12 1995,19.25
Dec 11 1995,19.88
Dec 8 1995,20.12
Dec 7 1995,20.62
Dec 6 1995,20.62
Dec 5 1995,20.62
Dec 4 1995,20.88
Dec 1 1995,20.88
Nov 30 1995,20.50
Nov 29 1995,20.50
Nov 28 1995,20.50
Nov 27 1995,20.38
Nov 24 1995,19.75
Nov 22 1995,18.50
Nov 21 1995,18.38
Nov 20 1995,18.62
Nov 17 1995,18.50
Nov 16 1995,18.00
Nov 15 1995,18.00
Nov 14 1995,17.75
Nov 13 1995,18.25
Nov 10 1995,18.25
Nov 9 1995,18.00
Nov 8 1995,18.38
Nov 7 1995,19.12
Nov 6 1995,20.00
Nov 3 1995,19.50
Nov 2 1995,19.50
Nov 1 1995,19.62
Oct 31 1995,20.25
Oct 30 1995,20.38
Oct 27 1995,20.50
Oct 26 1995,20.50
Oct 25 1995,20.75
Oct 24 1995,20.25
Oct 23 1995,20.50
Oct 20 1995,20.62
Oct 19 1995,20.62
Oct 18 1995,20.75
Oct 17 1995,20.62
Oct 16 1995,20.75
Oct 13 1995,20.62
Oct 12 1995,20.62
Oct 11 1995,20.75
Oct 10 1995,20.75
Oct 9 1995,20.88
Oct 6 1995,20.38
Oct 5 1995,20.75
Oct 4 1995,20.75
Oct 3 1995,20.75
Oct 2 1995,20.88
Sep 29 1995,20.62
Sep 28 1995,20.88
Sep 27 1995,21.00
Sep 26 1995,20.88
Sep 25 1995,20.75
Sep 22 1995,20.75
Sep 21 1995,21.12
Sep 20 1995,21.12
Sep 19 1995,21.25
Sep 18 1995,21.25
Sep 15 1995,21.12
Sep 14 1995,21.25
Sep 13 1995,21.12
Sep 12 1995,21.12
Sep 11 1995,21.12
Sep 8 1995,21.12
Sep 7 1995,20.88
Sep 6 1995,20.62
Sep 5 1995,20.88
Sep 1 1995,21.00
Aug 31 1995,20.88
Aug 30 1995,20.75
Aug 29 1995,21.38
Aug 28 1995,21.38
Aug 25 1995,21.50
Aug 24 1995,21.50
Aug 23 1995,21.38
Aug 22 1995,21.75
Aug 21 1995,21.50
Aug 18 1995,21.75
Aug 17 1995,21.62
Aug 16 1995,21.50
Aug 15 1995,21.88
Aug 14 1995,21.62
Aug 11 1995,21.62
Aug 10 1995,21.88
Aug 9 1995,22.50
Aug 8 1995,22.50
Aug 7 1995,22.38
Aug 4 1995,22.25
Aug 3 1995,22.38
Aug 2 1995,22.00
Aug 1 1995,21.88
Jul 31 1995,21.38
Jul 28 1995,21.62
Jul 27 1995,21.38
Jul 26 1995,21.00
Jul 25 1995,20.75
Jul 24 1995,21.12
Jul 21 1995,20.88
Jul 20 1995,20.75
Jul 19 1995,20.88
Jul 18 1995,21.75
Jul 17 1995,22.00
Jul 14 1995,22.25
Jul 13 1995,22.00
Jul 12 1995,22.12
Jul 11 1995,21.75
Jul 10 1995,22.12
Jul 7 1995,22.50
Jul 6 1995,21.88
Jul 5 1995,21.88
Jul 3 1995,22.12
Jun 30 1995,21.62
Jun 29 1995,21.38
Jun 28 1995,21.38
Jun 27 1995,21.75
Jun 26 1995,21.75
Jun 23 1995,22.12
Jun 22 1995,22.25
Jun 21 1995,22.00
Jun 20 1995,21.88
Jun 19 1995,22.00
Jun 16 1995,22.12
Jun 15 1995,22.25
Jun 14 1995,22.00
Jun 13 1995,22.25
Jun 12 1995,23.12
Jun 9 1995,23.25
Jun 8 1995,23.50
Jun 7 1995,23.50
Jun 6 1995,23.62
Jun 5 1995,23.50
Jun 2 1995,22.75
Jun 1 1995,22.50
May 31 1995,22.50
May 30 1995,22.25
May 26 1995,22.12
May 25 1995,22.12
May 24 1995,22.38
May 23 1995,21.62
May 22 1995,22.00
May 19 1995,22.12
May 18 1995,21.88
May 17 1995,21.62
May 16 1995,21.50
May 15 1995,21.50
May 12 1995,21.25
May 11 1995,21.38
May 10 1995,21.62
May 9 1995,21.62
May 8 1995,21.88
May 5 1995,21.50
May 4 1995,21.38
May 3 1995,21.50
May 2 1995,21.50
May 1 1995,21.50
Apr 28 1995,21.50
Apr 27 1995,21.38
Apr 26 1995,21.50
Apr 25 1995,21.75
Apr 24 1995,21.38
Apr 21 1995,21.00
Apr 20 1995,21.25
Apr 19 1995,21.62
Apr 18 1995,21.62
Apr 17 1995,21.50
Apr 13 1995,21.75
Apr 12 1995,21.50
Apr 11 1995,22.12
Apr 10 1995,21.88
Apr 7 1995,21.75
Apr 6 1995,22.00
Apr 5 1995,22.12
Apr 4 1995,23.00
Apr 3 1995,22.12
Mar 31 1995,22.38
Mar 30 1995,21.75
Mar 29 1995,21.00
Mar 28 1995,21.25
Mar 27 1995,21.12
Mar 24 1995,20.75
Mar 23 1995,20.75
Mar 22 1995,21.00
Mar 21 1995,21.38
Mar 20 1995,21.75
Mar 17 1995,22.12
Mar 16 1995,22.75
Mar 15 1995,22.88
Mar 14 1995,23.25
Mar 13 1995,23.12
Mar 10 1995,23.12
Mar 9 1995,22.88
Mar 8 1995,22.75
Mar 7 1995,23.25
Mar 6 1995,23.12
Mar 3 1995,23.12
Mar 2 1995,22.88
Mar 1 1995,23.25
Feb 28 1995,23.25
Feb 27 1995,22.88
Feb 24 1995,22.75
Feb 23 1995,22.88
Feb 22 1995,23.00
Feb 21 1995,23.25
Feb 17 1995,23.00
Feb 16 1995,23.38
Feb 15 1995,23.75
Feb 14 1995,23.50
Feb 13 1995,23.38
Feb 10 1995,22.88
Feb 9 1995,22.38
Feb 8 1995,23.00
Feb 7 1995,23.00
Feb 6 1995,22.88
Feb 3 1995,22.88
Feb 2 1995,22.88
Feb 1 1995,23.12
Jan 31 1995,22.88
Jan 30 1995,22.88
Jan 27 1995,23.38
Jan 26 1995,23.62
Jan 25 1995,23.25
Jan 24 1995,23.25
Jan 23 1995,22.75
Jan 20 1995,23.25
Jan 19 1995,23.62
Jan 18 1995,23.75
Jan 17 1995,23.50
Jan 16 1995,23.50
Jan 13 1995,23.38
Jan 12 1995,23.50
Jan 11 1995,23.50
Jan 10 1995,24.00
Jan 9 1995,24.25
Jan 6 1995,24.12
Jan 5 1995,24.12
Jan 4 1995,24.12
Jan 3 1995,24.00
Dec 30 1994,23.75
Dec 29 1994,24.62
Dec 28 1994,24.75
Dec 27 1994,24.88
Dec 23 1994,24.88
Dec 22 1994,24.88
Dec 21 1994,24.38
Dec 20 1994,24.12
Dec 19 1994,24.38
Dec 16 1994,24.75
Dec 15 1994,23.88
Dec 14 1994,22.75
Dec 13 1994,22.12
Dec 12 1994,22.00
Dec 9 1994,22.25
Dec 8 1994,22.12
Dec 7 1994,22.12
Dec 6 1994,22.50
Dec 5 1994,22.75
Dec 2 1994,22.75
Dec 1 1994,23.38
Nov 30 1994,23.38
Nov 29 1994,23.50
Nov 28 1994,23.50
Nov 25 1994,23.50
Nov 23 1994,23.50
Nov 22 1994,23.75
Nov 21 1994,23.62
Nov 18 1994,23.88
Nov 17 1994,23.12
Nov 16 1994,23.00
Nov 15 1994,23.00
Nov 14 1994,23.12
Nov 11 1994,23.12
Nov 10 1994,23.12
Nov 9 1994,23.12
Nov 8 1994,23.25
Nov 7 1994,23.12
Nov 4 1994,23.62
Nov 3 1994,23.75
Nov 2 1994,23.38
Nov 1 1994,23.75
Oct 31 1994,23.38
Nov 1 1994,23.75
Oct 31 1994,23.38
