Jul 1 2014,9.92
Jun 30 2014,9.86
Jun 27 2014,9.73
Jun 26 2014,9.80
Jun 25 2014,10.13
Jun 24 2014,10.20
Jun 23 2014,10.17
Jun 20 2014,10.12
Jun 19 2014,10.04
Jun 18 2014,10.01
Jun 17 2014,9.95
Jun 16 2014,9.83
Jun 13 2014,9.65
Jun 12 2014,9.62
Jun 11 2014,9.68
Jun 10 2014,9.75
Jun 9 2014,9.72
Jun 6 2014,9.66
Jun 5 2014,9.67
Jun 4 2014,9.60
Jun 3 2014,9.58
Jun 2 2014,9.61
May 30 2014,9.58
May 29 2014,9.68
May 28 2014,9.40
May 27 2014,9.44
May 23 2014,9.37
May 22 2014,9.24
May 21 2014,9.31
May 20 2014,9.45
May 19 2014,9.33
May 16 2014,9.55
May 15 2014,9.33
May 14 2014,9.20
May 13 2014,9.07
May 12 2014,9.12
May 9 2014,9.01
May 8 2014,8.74
May 7 2014,9.03
May 6 2014,9.10
May 5 2014,9.17
May 2 2014,9.16
May 1 2014,9.10
Apr 30 2014,9.05
Apr 29 2014,8.99
Apr 28 2014,8.90
Apr 25 2014,8.99
Apr 24 2014,9.03
Apr 23 2014,8.93
Apr 22 2014,8.88
Apr 21 2014,8.84
Apr 17 2014,8.97
Apr 16 2014,8.79
Apr 15 2014,8.72
Apr 14 2014,8.55
Apr 11 2014,8.73
Apr 10 2014,8.58
Apr 9 2014,8.60
Apr 8 2014,8.49
Apr 7 2014,8.59
Apr 4 2014,8.60
Apr 3 2014,8.77
Apr 2 2014,8.50
Apr 1 2014,8.26
Mar 31 2014,8.22
Mar 28 2014,8.08
Mar 27 2014,8.12
Mar 26 2014,8.39
Mar 25 2014,8.36
Mar 24 2014,8.40
Mar 21 2014,8.37
Mar 20 2014,8.25
Mar 19 2014,8.35
Mar 18 2014,8.25
Mar 17 2014,8.25
Mar 14 2014,8.17
Mar 13 2014,8.06
Mar 12 2014,8.14
Mar 11 2014,8.03
Mar 10 2014,8.14
Mar 7 2014,8.18
Mar 6 2014,8.10
Mar 5 2014,8.14
Mar 4 2014,7.99
Mar 3 2014,8.00
Feb 28 2014,7.99
Feb 27 2014,7.85
Feb 26 2014,7.98
Feb 25 2014,7.95
Feb 24 2014,7.85
Feb 21 2014,7.92
Feb 20 2014,7.87
Feb 19 2014,7.88
Feb 18 2014,7.95
Feb 14 2014,7.90
Feb 13 2014,7.89
Feb 12 2014,7.47
Feb 11 2014,7.34
Feb 10 2014,7.32
Feb 7 2014,7.44
Feb 6 2014,7.25
Feb 5 2014,7.26
Feb 4 2014,7.24
Feb 3 2014,7.46
Jan 31 2014,7.49
Jan 30 2014,7.47
Jan 29 2014,7.50
Jan 28 2014,7.51
Jan 27 2014,7.60
Jan 24 2014,7.60
Jan 23 2014,7.62
Jan 22 2014,7.79
Jan 21 2014,7.90
Jan 17 2014,7.95
Jan 16 2014,7.81
Jan 15 2014,8.03
Jan 14 2014,7.92
Jan 13 2014,8.00
Jan 10 2014,7.98
Jan 9 2014,7.99
Jan 8 2014,8.03
Jan 7 2014,7.96
Jan 6 2014,7.99
Jan 3 2014,8.02
Jan 2 2014,8.00
Dec 31 2013,8.00
Dec 30 2013,8.05
Dec 27 2013,8.15
Dec 26 2013,8.37
Dec 24 2013,8.30
Dec 23 2013,8.25
Dec 20 2013,8.18
Dec 19 2013,8.15
Dec 18 2013,8.07
Dec 17 2013,7.98
Dec 16 2013,7.95
Dec 13 2013,8.01
Dec 12 2013,7.90
Dec 11 2013,8.00
Dec 10 2013,8.02
Dec 9 2013,8.05
Dec 6 2013,8.12
Dec 5 2013,8.22
Dec 4 2013,8.07
Dec 3 2013,8.05
Dec 2 2013,8.07
Nov 29 2013,8.07
Nov 27 2013,8.06
Nov 26 2013,8.06
Nov 25 2013,8.14
Nov 22 2013,8.20
Nov 21 2013,8.21
Nov 20 2013,8.34
Nov 19 2013,8.28
Nov 18 2013,8.26
Nov 15 2013,8.28
Nov 14 2013,8.28
Nov 13 2013,8.19
Nov 12 2013,8.05
Nov 11 2013,8.01
Nov 8 2013,8.09
Nov 7 2013,8.43
Nov 6 2013,8.51
Nov 5 2013,8.54
Nov 4 2013,8.55
Nov 1 2013,8.56
Oct 31 2013,8.53
Oct 30 2013,8.61
Oct 29 2013,8.63
Oct 28 2013,8.57
Oct 25 2013,8.51
Oct 24 2013,8.53
Oct 23 2013,8.57
Oct 22 2013,8.53
Oct 21 2013,8.59
Oct 18 2013,8.60
Oct 17 2013,8.52
Oct 16 2013,8.45
Oct 15 2013,8.60
Oct 14 2013,8.44
Oct 11 2013,8.35
Oct 10 2013,8.28
Oct 9 2013,8.11
Oct 8 2013,8.04
Oct 7 2013,8.00
Oct 4 2013,8.04
Oct 3 2013,8.15
Oct 2 2013,8.16
Oct 1 2013,7.99
Sep 30 2013,8.06
Sep 27 2013,8.16
Sep 26 2013,8.36
Sep 25 2013,8.60
Sep 24 2013,8.56
Sep 23 2013,8.40
Sep 20 2013,8.55
Sep 19 2013,8.57
Sep 18 2013,8.55
Sep 17 2013,8.51
Sep 16 2013,8.55
Sep 13 2013,8.45
Sep 12 2013,8.53
Sep 11 2013,8.47
Sep 10 2013,8.43
Sep 9 2013,8.29
Sep 6 2013,8.23
Sep 5 2013,8.24
Sep 4 2013,8.19
Sep 3 2013,8.15
Aug 30 2013,8.04
Aug 29 2013,8.03
Aug 28 2013,8.11
Aug 27 2013,8.14
Aug 26 2013,8.20
Aug 23 2013,8.04
Aug 22 2013,8.06
Aug 21 2013,8.02
Aug 20 2013,8.03
Aug 19 2013,8.11
Aug 16 2013,8.17
Aug 15 2013,8.19
Aug 14 2013,8.25
Aug 13 2013,8.32
Aug 12 2013,8.15
Aug 9 2013,8.20
Aug 8 2013,8.25
Aug 7 2013,8.51
Aug 6 2013,8.63
Aug 5 2013,8.54
Aug 2 2013,8.50
Aug 1 2013,8.44
Jul 31 2013,8.44
Jul 30 2013,8.27
Jul 29 2013,8.18
Jul 26 2013,8.09
Jul 25 2013,8.14
Jul 24 2013,8.20
Jul 23 2013,8.35
Jul 22 2013,8.14
Jul 19 2013,8.11
Jul 18 2013,8.14
Jul 17 2013,8.07
Jul 16 2013,8.00
Jul 15 2013,8.17
Jul 12 2013,8.13
Jul 11 2013,8.20
Jul 10 2013,7.99
Jul 9 2013,7.93
Jul 8 2013,7.90
Jul 5 2013,7.83
Jul 3 2013,7.70
Jul 2 2013,7.73
Jul 1 2013,7.66
Jun 28 2013,7.82
Jun 27 2013,7.70
Jun 26 2013,7.74
Jun 25 2013,7.85
Jun 24 2013,7.94
Jun 21 2013,7.87
Jun 20 2013,7.94
Jun 19 2013,8.13
Jun 18 2013,8.17
Jun 17 2013,8.34
Jun 14 2013,8.15
Jun 13 2013,8.05
Jun 12 2013,8.05
Jun 11 2013,7.98
Jun 10 2013,7.95
Jun 7 2013,7.98
Jun 6 2013,7.90
Jun 5 2013,7.97
Jun 4 2013,8.04
Jun 3 2013,8.12
May 31 2013,8.21
May 30 2013,8.30
May 29 2013,8.50
May 28 2013,8.75
May 24 2013,8.61
May 23 2013,8.48
May 22 2013,8.78
May 21 2013,8.70
May 20 2013,8.69
May 17 2013,8.62
May 16 2013,8.58
May 15 2013,8.39
May 14 2013,8.40
May 13 2013,8.37
May 10 2013,8.15
May 9 2013,8.05
May 8 2013,8.39
May 7 2013,8.40
May 6 2013,8.32
May 3 2013,8.41
May 2 2013,8.49
May 1 2013,8.53
Apr 30 2013,8.50
Apr 29 2013,8.45
Apr 26 2013,8.61
Apr 25 2013,8.72
Apr 24 2013,8.70
Apr 23 2013,8.57
Apr 22 2013,8.61
Apr 19 2013,8.63
Apr 18 2013,8.60
Apr 17 2013,8.58
Apr 16 2013,8.62
Apr 15 2013,8.85
Apr 12 2013,8.77
Apr 11 2013,8.71
Apr 10 2013,8.54
Apr 9 2013,8.40
Apr 8 2013,8.38
Apr 5 2013,8.15
Apr 4 2013,8.21
Apr 3 2013,8.21
Apr 2 2013,8.05
Apr 1 2013,7.95
Mar 28 2013,8.08
Mar 27 2013,8.18
Mar 26 2013,8.20
Mar 25 2013,8.66
Mar 22 2013,8.53
Mar 21 2013,8.54
Mar 20 2013,8.79
Mar 19 2013,8.80
Mar 18 2013,8.77
Mar 15 2013,8.88
Mar 14 2013,8.87
Mar 13 2013,8.84
Mar 12 2013,8.71
Mar 11 2013,8.59
Mar 8 2013,8.57
Mar 7 2013,8.63
Mar 6 2013,8.70
Mar 5 2013,8.70
Mar 4 2013,8.73
Mar 1 2013,8.61
Feb 28 2013,8.59
Feb 27 2013,8.47
Feb 26 2013,8.42
Feb 25 2013,8.55
Feb 22 2013,8.44
Feb 21 2013,8.52
Feb 20 2013,8.80
Feb 19 2013,8.96
Feb 15 2013,9.10
Feb 14 2013,9.00
Feb 13 2013,9.90
Feb 12 2013,9.83
Feb 11 2013,9.85
Feb 8 2013,9.87
Feb 7 2013,9.87
Feb 6 2013,9.79
Feb 5 2013,9.80
Feb 4 2013,9.77
Feb 1 2013,9.79
Jan 31 2013,9.74
Jan 30 2013,9.72
Jan 29 2013,9.84
Jan 28 2013,9.68
Jan 25 2013,9.73
Jan 24 2013,9.67
Jan 23 2013,9.75
Jan 22 2013,9.55
Jan 18 2013,9.58
Jan 17 2013,9.63
Jan 16 2013,9.65
Jan 15 2013,10.00
Jan 14 2013,9.94
Jan 11 2013,9.90
Jan 10 2013,9.80
Jan 9 2013,9.64
Jan 8 2013,9.67
Jan 7 2013,9.27
Jan 4 2013,8.90
Jan 3 2013,8.75
Jan 2 2013,8.51
Dec 31 2012,8.26
Dec 28 2012,8.31
Dec 27 2012,8.38
Dec 26 2012,8.68
Dec 24 2012,8.66
Dec 21 2012,8.88
Dec 20 2012,8.89
Dec 19 2012,8.96
Dec 18 2012,8.79
Dec 17 2012,8.79
Dec 14 2012,8.68
Dec 13 2012,8.55
Dec 12 2012,8.43
Dec 11 2012,8.41
Dec 10 2012,8.35
Dec 7 2012,8.49
Dec 6 2012,8.48
Dec 5 2012,8.50
Dec 4 2012,8.36
Dec 3 2012,8.38
Nov 30 2012,8.44
Nov 29 2012,8.48
Nov 28 2012,8.08
Nov 27 2012,8.28
Nov 26 2012,8.31
Nov 23 2012,8.26
Nov 21 2012,8.28
Nov 20 2012,8.34
Nov 19 2012,8.31
Nov 16 2012,8.08
Nov 15 2012,8.21
Nov 14 2012,8.21
Nov 13 2012,8.44
Nov 12 2012,8.53
Nov 9 2012,8.47
Nov 8 2012,9.00
Nov 7 2012,9.39
Nov 6 2012,9.53
Nov 5 2012,9.50
Nov 2 2012,9.62
Nov 1 2012,9.52
Oct 31 2012,9.68
Oct 26 2012,9.62
Oct 25 2012,9.68
Oct 24 2012,9.65
Oct 23 2012,9.73
Oct 22 2012,9.91
Oct 19 2012,10.07
Oct 18 2012,10.19
Oct 17 2012,10.02
Oct 16 2012,9.97
Oct 15 2012,9.98
Oct 12 2012,10.09
Oct 11 2012,10.19
Oct 10 2012,10.01
Oct 9 2012,10.13
Oct 8 2012,10.16
Oct 5 2012,10.09
Oct 4 2012,10.09
Oct 3 2012,9.84
Oct 2 2012,9.97
Oct 1 2012,10.07
Sep 28 2012,10.25
Sep 27 2012,10.40
Sep 26 2012,10.52
Sep 25 2012,10.96
Sep 24 2012,10.94
Sep 21 2012,10.93
Sep 20 2012,10.82
Sep 19 2012,10.72
Sep 18 2012,10.81
Sep 17 2012,10.80
Sep 14 2012,10.70
Sep 13 2012,10.68
Sep 12 2012,10.51
Sep 11 2012,10.29
Sep 10 2012,10.23
Sep 7 2012,10.12
Sep 6 2012,10.00
Sep 5 2012,9.98
Sep 4 2012,9.84
Aug 31 2012,9.90
Aug 30 2012,9.99
Aug 29 2012,9.76
Aug 28 2012,9.65
Aug 27 2012,9.74
Aug 24 2012,9.56
Aug 23 2012,9.56
Aug 22 2012,9.56
Aug 21 2012,9.53
Aug 20 2012,9.50
Aug 17 2012,9.61
Aug 16 2012,9.61
Aug 15 2012,9.52
Aug 14 2012,9.46
Aug 13 2012,9.42
Aug 10 2012,9.35
Aug 9 2012,9.69
Aug 8 2012,10.05
Aug 7 2012,10.09
Aug 6 2012,10.07
Aug 3 2012,10.04
Aug 2 2012,10.06
Aug 1 2012,10.00
Jul 31 2012,9.80
Jul 30 2012,9.73
Jul 27 2012,9.65
Jul 26 2012,9.47
Jul 25 2012,9.60
Jul 24 2012,9.81
Jul 23 2012,9.74
Jul 20 2012,9.91
Jul 19 2012,9.98
Jul 18 2012,9.97
Jul 17 2012,9.90
Jul 16 2012,9.86
Jul 13 2012,9.72
Jul 12 2012,9.70
Jul 11 2012,9.81
Jul 10 2012,9.85
Jul 9 2012,9.72
Jul 6 2012,9.75
Jul 5 2012,9.77
Jul 3 2012,9.78
Jul 2 2012,9.65
Jun 29 2012,9.42
Jun 28 2012,9.26
Jun 27 2012,9.61
Jun 26 2012,9.69
Jun 25 2012,9.63
Jun 22 2012,9.70
Jun 21 2012,9.92
Jun 20 2012,9.98
Jun 19 2012,9.80
Jun 18 2012,9.50
Jun 15 2012,9.49
Jun 14 2012,9.47
Jun 13 2012,9.45
Jun 12 2012,9.47
Jun 11 2012,9.48
Jun 8 2012,9.29
Jun 7 2012,9.33
Jun 6 2012,9.20
Jun 5 2012,9.09
Jun 4 2012,9.28
Jun 1 2012,9.21
May 31 2012,9.30
May 30 2012,9.36
May 29 2012,9.55
May 25 2012,9.44
May 24 2012,9.51
May 23 2012,9.53
May 22 2012,9.56
May 21 2012,9.40
May 18 2012,9.48
May 17 2012,9.60
May 16 2012,9.57
May 15 2012,9.70
May 14 2012,9.90
May 11 2012,10.04
May 10 2012,11.05
May 9 2012,11.19
May 8 2012,11.34
May 7 2012,11.33
May 4 2012,11.29
May 3 2012,11.24
May 2 2012,11.24
May 1 2012,11.23
Apr 30 2012,11.26
Apr 27 2012,11.31
Apr 26 2012,11.22
Apr 25 2012,11.20
Apr 24 2012,11.19
Apr 23 2012,11.25
Apr 20 2012,11.30
Apr 19 2012,11.31
Apr 18 2012,11.34
Apr 17 2012,11.31
Apr 16 2012,11.30
Apr 13 2012,11.34
Apr 12 2012,11.29
Apr 11 2012,11.31
Apr 10 2012,11.36
Apr 9 2012,11.40
Apr 5 2012,11.52
Apr 4 2012,11.54
Apr 3 2012,11.73
Apr 2 2012,11.71
Mar 30 2012,11.68
Mar 29 2012,11.56
Mar 28 2012,11.82
Mar 27 2012,11.99
Mar 26 2012,11.94
Mar 23 2012,11.97
Mar 22 2012,12.01
Mar 21 2012,12.06
Mar 20 2012,12.10
Mar 19 2012,12.09
Mar 16 2012,12.16
Mar 15 2012,12.05
Mar 14 2012,12.12
Mar 13 2012,12.22
Mar 12 2012,12.20
Mar 9 2012,12.00
Mar 8 2012,12.12
Mar 7 2012,12.04
Mar 6 2012,12.04
Mar 5 2012,12.09
Mar 2 2012,12.06
Mar 1 2012,12.09
Feb 29 2012,12.16
Feb 28 2012,12.13
Feb 27 2012,12.16
Feb 24 2012,12.11
Feb 23 2012,12.15
Feb 22 2012,12.48
Feb 21 2012,12.54
Feb 17 2012,12.50
Feb 16 2012,12.41
Feb 15 2012,12.48
Feb 14 2012,12.41
Feb 13 2012,12.43
Feb 10 2012,12.35
Feb 9 2012,12.42
Feb 8 2012,12.37
Feb 7 2012,12.28
Feb 6 2012,12.30
Feb 3 2012,12.36
Feb 2 2012,12.26
Feb 1 2012,12.09
Jan 31 2012,12.10
Jan 30 2012,11.97
Jan 27 2012,12.05
Jan 26 2012,12.21
Jan 25 2012,12.11
Jan 24 2012,12.16
Jan 23 2012,12.27
Jan 20 2012,12.23
Jan 19 2012,12.33
Jan 18 2012,12.26
Jan 17 2012,12.20
Jan 13 2012,11.92
Jan 12 2012,11.94
Jan 11 2012,11.70
Jan 10 2012,11.69
Jan 9 2012,11.72
Jan 6 2012,11.65
Jan 5 2012,11.64
Jan 4 2012,11.76
Jan 3 2012,11.94
Dec 30 2011,11.86
Dec 29 2011,11.76
Dec 28 2011,11.83
Dec 27 2011,12.04
Dec 23 2011,12.02
Dec 22 2011,11.94
Dec 21 2011,11.73
Dec 20 2011,11.72
Dec 19 2011,11.62
Dec 16 2011,11.41
Dec 15 2011,11.38
Dec 14 2011,11.51
Dec 13 2011,11.65
Dec 12 2011,11.66
Dec 9 2011,11.72
Dec 8 2011,11.86
Dec 7 2011,11.78
Dec 6 2011,11.92
Dec 5 2011,11.95
Dec 2 2011,11.88
Dec 1 2011,11.75
Nov 30 2011,11.74
Nov 29 2011,11.36
Nov 28 2011,11.40
Nov 25 2011,11.09
Nov 23 2011,11.19
Nov 22 2011,11.42
Nov 21 2011,11.60
Nov 18 2011,11.75
Nov 17 2011,11.70
Nov 16 2011,11.76
Nov 15 2011,11.77
Nov 14 2011,11.97
Nov 11 2011,11.95
Nov 10 2011,12.07
Nov 9 2011,11.90
Nov 8 2011,12.08
Nov 7 2011,12.03
Nov 4 2011,12.05
Nov 3 2011,12.37
Nov 2 2011,12.10
Nov 1 2011,12.00
Oct 31 2011,12.25
Oct 28 2011,12.22
Oct 27 2011,12.09
Oct 26 2011,11.91
Oct 25 2011,12.04
Oct 24 2011,12.04
Oct 21 2011,12.09
Oct 20 2011,11.99
Oct 19 2011,12.06
Oct 18 2011,11.97
Oct 17 2011,11.89
Oct 14 2011,11.69
Oct 13 2011,11.65
Oct 12 2011,11.50
Oct 11 2011,11.42
Oct 10 2011,11.34
Oct 7 2011,11.41
Oct 6 2011,11.26
Oct 5 2011,11.10
Oct 4 2011,11.20
Oct 3 2011,11.60
Sep 30 2011,11.80
Sep 29 2011,11.96
Sep 28 2011,12.15
Sep 27 2011,12.69
Sep 26 2011,12.42
Sep 23 2011,12.24
Sep 22 2011,12.26
Sep 21 2011,12.89
Sep 20 2011,12.94
Sep 19 2011,12.80
Sep 16 2011,12.89
Sep 15 2011,12.82
Sep 14 2011,12.73
Sep 13 2011,12.53
Sep 12 2011,12.41
Sep 9 2011,12.61
Sep 8 2011,12.55
Sep 7 2011,12.54
Sep 6 2011,12.24
Sep 2 2011,12.41
Sep 1 2011,12.68
Aug 31 2011,12.63
Aug 30 2011,12.29
Aug 29 2011,12.17
Aug 26 2011,11.92
Aug 25 2011,12.20
Aug 24 2011,11.96
Aug 23 2011,11.73
Aug 22 2011,11.80
Aug 19 2011,11.60
Aug 18 2011,11.92
Aug 17 2011,12.00
Aug 16 2011,12.04
Aug 15 2011,12.00
Aug 12 2011,12.10
Aug 11 2011,11.39
Aug 10 2011,11.43
Aug 9 2011,11.02
Aug 8 2011,11.16
Aug 5 2011,11.42
Aug 4 2011,11.89
Aug 3 2011,11.99
Aug 2 2011,12.12
Aug 1 2011,12.37
Jul 29 2011,12.20
Jul 28 2011,12.37
Jul 27 2011,12.50
Jul 26 2011,12.54
Jul 25 2011,12.60
Jul 22 2011,12.68
Jul 21 2011,12.58
Jul 20 2011,12.65
Jul 19 2011,12.56
Jul 18 2011,12.57
Jul 15 2011,12.79
Jul 14 2011,12.82
Jul 13 2011,12.93
Jul 12 2011,12.91
Jul 11 2011,13.03
Jul 8 2011,13.06
Jul 7 2011,13.24
Jul 6 2011,13.22
Jul 5 2011,13.12
Jul 1 2011,12.95
Jun 30 2011,12.96
Jun 29 2011,12.97
Jun 28 2011,12.89
Jun 27 2011,13.07
Jun 24 2011,13.15
Jun 23 2011,13.11
Jun 22 2011,13.24
Jun 21 2011,13.21
Jun 20 2011,13.08
Jun 17 2011,13.09
Jun 16 2011,12.79
Jun 15 2011,12.85
Jun 14 2011,12.85
Jun 13 2011,12.90
Jun 10 2011,13.00
Jun 9 2011,12.87
Jun 8 2011,13.00
Jun 7 2011,12.97
Jun 6 2011,13.13
Jun 3 2011,13.17
Jun 2 2011,13.20
Jun 1 2011,13.38
May 31 2011,13.50
May 27 2011,13.42
May 26 2011,13.26
May 25 2011,13.30
May 24 2011,13.45
May 23 2011,13.40
May 20 2011,13.57
May 19 2011,13.49
May 18 2011,13.48
May 17 2011,13.28
May 16 2011,13.35
May 13 2011,13.32
May 12 2011,13.20
May 11 2011,13.25
May 10 2011,13.00
May 9 2011,12.91
May 6 2011,12.82
May 5 2011,12.77
May 4 2011,13.10
May 3 2011,12.84
May 2 2011,12.79
Apr 29 2011,12.81
Apr 28 2011,12.74
Apr 27 2011,12.86
Apr 26 2011,12.58
Apr 25 2011,12.63
Apr 21 2011,12.53
Apr 20 2011,12.57
Apr 19 2011,12.50
Apr 18 2011,12.68
Apr 15 2011,12.53
Apr 14 2011,12.49
Apr 13 2011,12.53
Apr 12 2011,12.62
Apr 11 2011,12.62
Apr 8 2011,12.58
Apr 7 2011,12.65
Apr 6 2011,12.77
Apr 5 2011,12.81
Apr 4 2011,12.75
Apr 1 2011,12.89
Mar 31 2011,12.80
Mar 30 2011,12.82
Mar 29 2011,12.80
Mar 28 2011,13.00
Mar 25 2011,12.98
Mar 24 2011,13.00
Mar 23 2011,12.94
Mar 22 2011,12.78
Mar 21 2011,13.00
Mar 18 2011,12.91
Mar 17 2011,12.85
Mar 16 2011,12.84
Mar 15 2011,12.50
Mar 14 2011,12.80
Mar 11 2011,12.72
Mar 10 2011,12.80
Mar 9 2011,12.79
Mar 8 2011,12.51
Mar 7 2011,12.49
Mar 4 2011,12.48
Mar 3 2011,12.49
Mar 2 2011,12.46
Mar 1 2011,12.85
Feb 28 2011,12.47
Feb 25 2011,12.37
Feb 24 2011,12.32
Feb 23 2011,12.26
Feb 22 2011,12.50
Feb 18 2011,13.14
Feb 17 2011,13.20
Feb 16 2011,13.26
Feb 15 2011,13.24
Feb 14 2011,13.19
Feb 11 2011,13.02
Feb 10 2011,13.09
Feb 9 2011,13.11
Feb 8 2011,13.10
Feb 7 2011,13.03
Feb 4 2011,13.09
Feb 3 2011,12.92
Feb 2 2011,13.01
Feb 1 2011,12.90
Jan 31 2011,12.71
Jan 28 2011,12.88
Jan 27 2011,12.84
Jan 26 2011,12.84
Jan 25 2011,12.80
Jan 24 2011,12.70
Jan 21 2011,12.95
Jan 20 2011,12.76
Jan 19 2011,12.90
Jan 18 2011,13.10
Jan 14 2011,13.12
Jan 13 2011,13.34
Jan 12 2011,13.04
Jan 11 2011,13.28
Jan 10 2011,13.48
Jan 7 2011,13.69
Jan 6 2011,14.00
Jan 5 2011,13.90
Jan 4 2011,13.98
Jan 3 2011,14.00
Dec 31 2010,13.96
Dec 30 2010,13.98
Dec 29 2010,14.08
Dec 28 2010,14.27
Dec 27 2010,14.21
Dec 23 2010,14.23
Dec 22 2010,14.21
Dec 21 2010,14.17
Dec 20 2010,14.08
Dec 17 2010,14.13
Dec 16 2010,14.19
Dec 15 2010,14.22
Dec 14 2010,14.19
Dec 13 2010,14.06
Dec 10 2010,14.04
Dec 9 2010,13.83
Dec 8 2010,13.76
Dec 7 2010,13.74
Dec 6 2010,13.58
Dec 3 2010,13.47
Dec 2 2010,13.21
Dec 1 2010,13.15
Nov 30 2010,12.94
Nov 29 2010,13.08
Nov 26 2010,13.09
Nov 24 2010,13.09
Nov 23 2010,13.10
Nov 22 2010,13.20
Nov 19 2010,13.32
Nov 18 2010,13.10
Nov 17 2010,12.90
Nov 16 2010,13.01
Nov 15 2010,13.03
Nov 12 2010,13.15
Nov 11 2010,13.24
Nov 10 2010,12.99
Nov 9 2010,13.00
Nov 8 2010,13.11
Nov 5 2010,13.20
Nov 4 2010,13.00
Nov 3 2010,12.83
Nov 2 2010,12.71
Nov 1 2010,12.70
Oct 29 2010,12.54
Oct 28 2010,12.55
Oct 27 2010,12.45
Oct 26 2010,12.46
Oct 25 2010,12.52
Oct 22 2010,12.42
Oct 21 2010,12.45
Oct 20 2010,12.35
Oct 19 2010,12.35
Oct 18 2010,12.41
Oct 15 2010,12.50
Oct 14 2010,12.31
Oct 13 2010,12.32
Oct 12 2010,12.28
Oct 11 2010,12.16
Oct 8 2010,12.26
Oct 7 2010,12.37
Oct 6 2010,12.45
Oct 5 2010,12.34
Oct 4 2010,12.32
Oct 1 2010,12.32
Sep 30 2010,12.51
Sep 29 2010,12.55
Sep 28 2010,12.63
Sep 27 2010,13.01
Sep 24 2010,12.94
Sep 23 2010,12.86
Sep 22 2010,12.89
Sep 21 2010,12.73
Sep 20 2010,12.50
Sep 17 2010,12.41
Sep 16 2010,12.35
Sep 15 2010,12.26
Sep 14 2010,12.30
Sep 13 2010,12.49
Sep 10 2010,12.12
Sep 9 2010,12.07
Sep 8 2010,11.95
Sep 7 2010,11.95
Sep 3 2010,11.88
Sep 2 2010,11.73
Sep 1 2010,11.60
Aug 31 2010,11.30
Aug 30 2010,11.36
Aug 27 2010,11.25
Aug 26 2010,11.37
Aug 25 2010,11.22
Aug 24 2010,11.02
Aug 23 2010,11.24
Aug 20 2010,11.21
Aug 19 2010,11.40
Aug 18 2010,11.58
Aug 17 2010,11.41
Aug 16 2010,11.32
Aug 13 2010,11.31
Aug 12 2010,11.27
Aug 11 2010,11.49
Aug 10 2010,11.55
Aug 9 2010,11.65
Aug 6 2010,11.69
Aug 5 2010,11.49
Aug 4 2010,11.54
Aug 3 2010,11.57
Aug 2 2010,11.54
Jul 30 2010,11.49
Jul 29 2010,11.75
Jul 28 2010,11.71
Jul 27 2010,11.68
Jul 26 2010,11.51
Jul 23 2010,11.48
Jul 22 2010,11.36
Jul 21 2010,11.37
Jul 20 2010,11.15
Jul 19 2010,11.24
Jul 16 2010,11.36
Jul 15 2010,11.42
Jul 14 2010,11.27
Jul 13 2010,11.25
Jul 12 2010,11.08
Jul 9 2010,11.17
Jul 8 2010,10.94
Jul 7 2010,10.68
Jul 6 2010,10.67
Jul 2 2010,10.55
Jul 1 2010,10.55
Jun 30 2010,10.69
Jun 29 2010,10.82
Jun 28 2010,10.89
Jun 25 2010,11.19
Jun 24 2010,11.28
Jun 23 2010,11.37
Jun 22 2010,11.44
Jun 21 2010,11.45
Jun 18 2010,11.50
Jun 17 2010,11.44
Jun 16 2010,11.26
Jun 15 2010,11.16
Jun 14 2010,11.11
Jun 11 2010,10.92
Jun 10 2010,10.75
Jun 9 2010,10.68
Jun 8 2010,10.60
Jun 7 2010,10.91
Jun 4 2010,10.90
Jun 3 2010,10.98
Jun 2 2010,10.71
Jun 1 2010,10.61
May 28 2010,10.90
May 27 2010,10.68
May 26 2010,10.59
May 25 2010,10.35
May 24 2010,10.48
May 21 2010,10.18
May 20 2010,10.60
May 19 2010,10.72
May 18 2010,10.99
May 17 2010,10.75
May 14 2010,10.83
May 13 2010,10.87
May 12 2010,10.67
May 11 2010,10.68
May 10 2010,10.70
May 7 2010,10.26
May 6 2010,11.06
May 5 2010,11.02
May 4 2010,11.11
May 3 2010,11.13
Apr 30 2010,11.13
Apr 29 2010,11.10
Apr 28 2010,11.00
Apr 27 2010,11.04
Apr 26 2010,11.10
Apr 23 2010,11.13
Apr 22 2010,11.03
Apr 21 2010,11.12
Apr 20 2010,11.05
Apr 19 2010,10.99
Apr 16 2010,11.05
Apr 15 2010,11.05
Apr 14 2010,11.01
Apr 13 2010,11.02
Apr 12 2010,11.01
Apr 9 2010,11.01
Apr 8 2010,11.00
Apr 7 2010,11.15
Apr 6 2010,11.10
Apr 5 2010,11.01
Apr 1 2010,11.00
Mar 31 2010,10.94
Mar 30 2010,10.95
Mar 29 2010,11.01
Mar 26 2010,11.28
Mar 25 2010,11.24
Mar 24 2010,11.32
Mar 23 2010,11.33
Mar 22 2010,10.98
Mar 19 2010,10.98
Mar 18 2010,11.22
Mar 17 2010,11.12
Mar 16 2010,11.09
Mar 15 2010,10.97
Mar 12 2010,10.87
Mar 11 2010,10.83
Mar 10 2010,10.77
Mar 9 2010,10.57
Mar 8 2010,10.40
Mar 5 2010,10.43
Mar 4 2010,10.25
Mar 3 2010,10.47
Mar 2 2010,10.35
Mar 1 2010,10.18
Feb 26 2010,10.10
Feb 25 2010,10.15
Feb 24 2010,10.18
Feb 23 2010,10.23
Feb 22 2010,10.30
Feb 19 2010,10.43
Feb 18 2010,10.33
Feb 17 2010,10.33
Feb 16 2010,10.27
Feb 12 2010,10.10
Feb 11 2010,10.18
Feb 10 2010,10.15
Feb 9 2010,10.12
Feb 8 2010,9.89
Feb 5 2010,10.15
Feb 4 2010,10.50
Feb 3 2010,10.54
Feb 2 2010,10.27
Feb 1 2010,10.27
Jan 29 2010,10.47
Jan 28 2010,10.50
Jan 27 2010,10.50
Jan 26 2010,10.73
Jan 25 2010,10.60
Jan 22 2010,10.61
Jan 21 2010,10.76
Jan 20 2010,10.93
Jan 19 2010,10.78
Jan 15 2010,10.90
Jan 14 2010,10.77
Jan 13 2010,10.68
Jan 12 2010,10.78
Jan 11 2010,10.86
Jan 8 2010,10.97
Jan 7 2010,11.00
Jan 6 2010,11.10
Jan 5 2010,11.14
Jan 4 2010,10.99
Dec 31 2009,10.93
Dec 30 2009,11.08
Dec 29 2009,11.41
Dec 28 2009,11.52
Dec 24 2009,11.38
Dec 23 2009,11.35
Dec 22 2009,11.15
Dec 21 2009,10.94
Dec 18 2009,10.86
Dec 17 2009,10.90
Dec 16 2009,10.87
Dec 15 2009,10.88
Dec 14 2009,11.01
Dec 11 2009,10.97
Dec 10 2009,11.00
Dec 9 2009,10.97
Dec 8 2009,10.99
Dec 7 2009,10.70
Dec 4 2009,10.61
Dec 3 2009,10.50
Dec 2 2009,10.15
Dec 1 2009,10.00
Nov 30 2009,10.15
Nov 27 2009,10.03
Nov 25 2009,10.06
Nov 24 2009,10.00
Nov 23 2009,10.10
Nov 20 2009,10.03
Nov 19 2009,10.00
Nov 18 2009,10.06
Nov 17 2009,10.08
Nov 16 2009,10.01
Nov 13 2009,9.89
Nov 12 2009,10.04
Nov 11 2009,10.07
Nov 10 2009,10.06
Nov 9 2009,10.27
Nov 6 2009,10.18
Nov 5 2009,10.08
Nov 4 2009,10.03
Nov 3 2009,9.80
Nov 2 2009,9.70
Oct 30 2009,9.78
Oct 29 2009,9.65
Oct 28 2009,9.79
Oct 27 2009,9.94
Oct 26 2009,9.97
Oct 23 2009,10.06
Oct 22 2009,10.05
Oct 21 2009,10.09
Oct 20 2009,10.19
Oct 19 2009,10.17
Oct 16 2009,10.16
Oct 15 2009,10.09
Oct 14 2009,10.13
Oct 13 2009,10.09
Oct 12 2009,10.14
Oct 9 2009,10.02
Oct 8 2009,10.17
Oct 7 2009,10.20
Oct 6 2009,10.21
Oct 5 2009,9.90
Oct 2 2009,9.93
Oct 1 2009,10.16
Sep 30 2009,10.21
Sep 29 2009,9.75
Sep 28 2009,9.65
Sep 25 2009,9.74
Sep 24 2009,9.73
Sep 23 2009,9.66
Sep 22 2009,9.69
Sep 21 2009,9.74
Sep 18 2009,9.53
Sep 17 2009,9.46
Sep 16 2009,9.35
Sep 15 2009,9.04
Sep 14 2009,9.00
Sep 11 2009,9.06
Sep 10 2009,8.82
Sep 9 2009,8.70
Sep 8 2009,8.61
Sep 4 2009,8.42
Sep 3 2009,8.46
Sep 2 2009,8.50
Sep 1 2009,8.57
Aug 31 2009,8.59
Aug 28 2009,8.69
Aug 27 2009,8.56
Aug 26 2009,8.55
Aug 25 2009,8.63
Aug 24 2009,8.61
Aug 21 2009,8.45
Aug 20 2009,8.35
Aug 19 2009,8.33
Aug 18 2009,8.34
Aug 17 2009,8.48
Aug 14 2009,8.58
Aug 13 2009,8.57
Aug 12 2009,8.56
Aug 11 2009,8.76
Aug 10 2009,8.80
Aug 7 2009,8.68
Aug 6 2009,9.04
Aug 5 2009,8.91
Aug 4 2009,9.01
Aug 3 2009,8.89
Jul 31 2009,8.75
Jul 30 2009,8.59
Jul 29 2009,8.50
Jul 28 2009,8.40
Jul 27 2009,8.39
Jul 24 2009,8.35
Jul 23 2009,8.24
Jul 22 2009,8.33
Jul 21 2009,8.28
Jul 20 2009,8.20
Jul 17 2009,8.04
Jul 16 2009,8.01
Jul 15 2009,8.11
Jul 14 2009,8.05
Jul 13 2009,7.92
Jul 10 2009,7.91
Jul 9 2009,7.99
Jul 8 2009,8.17
Jul 7 2009,8.32
Jul 6 2009,8.29
Jul 2 2009,8.45
Jul 1 2009,8.40
Jun 30 2009,8.34
Jun 29 2009,8.25
Jun 26 2009,8.26
Jun 25 2009,8.50
Jun 24 2009,8.49
Jun 23 2009,8.28
Jun 22 2009,8.23
Jun 19 2009,8.49
Jun 18 2009,8.41
Jun 17 2009,8.43
Jun 16 2009,8.48
Jun 15 2009,8.51
Jun 12 2009,8.50
Jun 11 2009,8.54
Jun 10 2009,8.43
Jun 9 2009,8.35
Jun 8 2009,8.44
Jun 5 2009,8.58
Jun 4 2009,8.44
Jun 3 2009,8.57
Jun 2 2009,8.46
Jun 1 2009,8.53
May 29 2009,8.50
May 28 2009,8.35
May 27 2009,8.31
May 26 2009,8.13
May 22 2009,8.21
May 21 2009,8.32
May 20 2009,8.45
May 19 2009,8.53
May 18 2009,8.28
May 15 2009,8.43
May 14 2009,8.43
May 13 2009,8.76
May 12 2009,8.74
May 11 2009,8.85
May 8 2009,8.92
May 7 2009,8.92
May 6 2009,8.92
May 5 2009,8.60
May 4 2009,8.45
May 1 2009,8.31
Apr 30 2009,8.42
Apr 29 2009,8.31
Apr 28 2009,8.22
Apr 27 2009,8.27
Apr 24 2009,8.34
Apr 23 2009,8.28
Apr 22 2009,8.30
Apr 21 2009,8.26
Apr 20 2009,8.36
Apr 17 2009,8.36
Apr 16 2009,8.47
Apr 15 2009,8.21
Apr 14 2009,8.29
Apr 13 2009,8.54
Apr 9 2009,8.42
Apr 8 2009,8.29
Apr 7 2009,8.41
Apr 6 2009,8.48
Apr 3 2009,8.35
Apr 2 2009,8.20
Apr 1 2009,8.10
Mar 31 2009,8.10
Mar 30 2009,8.00
Mar 27 2009,8.14
Mar 26 2009,8.32
Mar 25 2009,8.40
Mar 24 2009,8.47
Mar 23 2009,8.23
Mar 20 2009,8.01
Mar 19 2009,8.19
Mar 18 2009,7.80
Mar 17 2009,7.46
Mar 16 2009,7.30
Mar 13 2009,7.23
Mar 12 2009,6.96
Mar 11 2009,6.84
Mar 10 2009,6.44
Mar 9 2009,6.44
Mar 6 2009,6.68
Mar 5 2009,6.75
Mar 4 2009,6.51
Mar 3 2009,6.80
Mar 2 2009,7.35
Feb 27 2009,7.28
Feb 26 2009,7.67
Feb 25 2009,7.52
Feb 24 2009,7.37
Feb 23 2009,7.77
Feb 20 2009,7.45
Feb 19 2009,7.65
Feb 18 2009,7.86
Feb 17 2009,8.18
Feb 13 2009,8.42
Feb 12 2009,8.15
Feb 11 2009,8.67
Feb 10 2009,8.87
Feb 9 2009,8.97
Feb 6 2009,8.84
Feb 5 2009,8.80
Feb 4 2009,8.98
Feb 3 2009,8.72
Feb 2 2009,8.56
Jan 30 2009,9.03
Jan 29 2009,9.12
Jan 28 2009,9.22
Jan 27 2009,9.07
Jan 26 2009,8.82
Jan 23 2009,8.63
Jan 22 2009,8.49
Jan 21 2009,8.51
Jan 20 2009,8.68
Jan 16 2009,8.79
Jan 15 2009,8.36
Jan 14 2009,8.50
Jan 13 2009,8.68
Jan 12 2009,9.05
Jan 9 2009,9.25
Jan 8 2009,8.98
Jan 7 2009,9.27
Jan 6 2009,9.23
Jan 5 2009,9.47
Jan 2 2009,9.19
Dec 31 2008,8.92
Dec 30 2008,8.91
Dec 29 2008,9.11
Dec 26 2008,9.28
Dec 24 2008,9.13
Dec 23 2008,9.30
Dec 22 2008,9.20
Dec 19 2008,9.03
Dec 18 2008,9.06
Dec 17 2008,8.85
Dec 16 2008,8.62
Dec 15 2008,8.65
Dec 12 2008,8.49
Dec 11 2008,9.24
Dec 10 2008,8.81
Dec 9 2008,8.54
Dec 8 2008,8.41
Dec 5 2008,8.08
Dec 4 2008,8.64
Dec 3 2008,8.52
Dec 2 2008,8.28
Dec 1 2008,8.70
Nov 28 2008,8.76
Nov 26 2008,8.23
Nov 25 2008,8.28
Nov 24 2008,7.50
Nov 21 2008,7.33
Nov 20 2008,7.94
Nov 19 2008,8.45
Nov 18 2008,8.76
Nov 17 2008,8.35
Nov 14 2008,8.89
Nov 13 2008,8.59
Nov 12 2008,8.45
Nov 11 2008,8.56
Nov 10 2008,9.20
Nov 7 2008,8.50
Nov 6 2008,8.31
Nov 5 2008,8.79
Nov 4 2008,8.33
Nov 3 2008,7.58
Oct 31 2008,6.53
Oct 30 2008,7.25
Oct 29 2008,7.35
Oct 28 2008,7.43
Oct 27 2008,7.64
Oct 24 2008,7.62
Oct 23 2008,8.19
Oct 22 2008,8.71
Oct 21 2008,9.00
Oct 20 2008,8.80
Oct 17 2008,8.72
Oct 16 2008,8.59
Oct 15 2008,9.44
Oct 14 2008,10.16
Oct 13 2008,8.75
Oct 10 2008,8.39
Oct 9 2008,9.25
Oct 8 2008,9.50
Oct 7 2008,10.15
Oct 6 2008,10.31
Oct 3 2008,10.78
Oct 2 2008,10.92
Oct 1 2008,10.94
Sep 30 2008,10.88
Sep 29 2008,11.20
Sep 26 2008,11.39
Sep 25 2008,11.48
Sep 24 2008,11.42
Sep 23 2008,11.53
Sep 22 2008,11.81
Sep 19 2008,11.81
Sep 18 2008,11.17
Sep 17 2008,11.47
Sep 16 2008,11.69
Sep 15 2008,11.83
Sep 12 2008,12.01
Sep 11 2008,12.04
Sep 10 2008,12.25
Sep 9 2008,12.40
Sep 8 2008,12.28
Sep 5 2008,12.39
Sep 4 2008,12.72
Sep 3 2008,12.45
Sep 2 2008,12.42
Aug 29 2008,12.37
Aug 28 2008,12.15
Aug 27 2008,11.98
Aug 26 2008,11.99
Aug 25 2008,12.00
Aug 22 2008,11.96
Aug 21 2008,11.93
Aug 20 2008,12.15
Aug 19 2008,12.62
Aug 18 2008,12.74
Aug 15 2008,12.85
Aug 14 2008,12.51
Aug 13 2008,12.68
Aug 12 2008,12.62
Aug 11 2008,12.48
Aug 8 2008,11.89
Aug 7 2008,12.04
Aug 6 2008,11.92
Aug 5 2008,11.91
Aug 4 2008,11.93
Aug 1 2008,12.01
Jul 31 2008,11.71
Jul 30 2008,11.84
Jul 29 2008,11.89
Jul 28 2008,11.95
Jul 25 2008,11.90
Jul 24 2008,12.09
Jul 23 2008,11.98
Jul 22 2008,11.99
Jul 21 2008,12.17
Jul 18 2008,11.96
Jul 17 2008,12.04
Jul 16 2008,12.00
Jul 15 2008,11.85
Jul 14 2008,12.23
Jul 11 2008,11.91
Jul 10 2008,12.01
Jul 9 2008,12.12
Jul 8 2008,11.96
Jul 7 2008,12.12
Jul 3 2008,12.25
Jul 2 2008,12.53
Jul 1 2008,12.16
Jun 30 2008,12.07
Jun 27 2008,12.63
Jun 26 2008,12.85
Jun 25 2008,13.10
Jun 24 2008,12.60
Jun 23 2008,12.84
Jun 20 2008,13.11
Jun 19 2008,12.77
Jun 18 2008,13.10
Jun 17 2008,13.21
Jun 16 2008,12.93
Jun 13 2008,12.83
Jun 12 2008,13.06
Jun 11 2008,13.33
Jun 10 2008,13.59
Jun 9 2008,13.61
Jun 6 2008,13.85
Jun 5 2008,13.24
Jun 4 2008,13.19
Jun 3 2008,13.25
Jun 2 2008,13.39
May 30 2008,13.50
May 29 2008,13.27
May 28 2008,13.22
May 27 2008,12.86
May 23 2008,12.93
May 22 2008,13.02
May 21 2008,12.99
May 20 2008,13.25
May 19 2008,13.29
May 16 2008,13.27
May 15 2008,13.08
May 14 2008,12.92
May 13 2008,12.72
May 12 2008,12.93
May 9 2008,13.06
May 8 2008,12.29
May 7 2008,12.34
May 6 2008,12.00
May 5 2008,12.44
May 2 2008,12.32
May 1 2008,11.75
Apr 30 2008,11.83
Apr 29 2008,11.62
Apr 28 2008,11.52
Apr 25 2008,11.50
Apr 24 2008,11.46
Apr 23 2008,11.59
Apr 22 2008,11.79
Apr 21 2008,11.91
Apr 18 2008,11.92
Apr 17 2008,12.07
Apr 16 2008,11.97
Apr 15 2008,12.05
Apr 14 2008,11.85
Apr 11 2008,11.77
Apr 10 2008,11.84
Apr 9 2008,11.91
Apr 8 2008,11.97
Apr 7 2008,12.17
Apr 4 2008,12.17
Apr 3 2008,12.00
Apr 2 2008,12.09
Apr 1 2008,11.77
Mar 31 2008,11.65
Mar 28 2008,11.70
Mar 27 2008,12.00
Mar 26 2008,12.35
Mar 25 2008,12.53
Mar 24 2008,12.20
Mar 20 2008,12.12
Mar 19 2008,12.49
Mar 18 2008,12.21
Mar 17 2008,11.65
Mar 14 2008,11.96
Mar 13 2008,11.74
Mar 12 2008,12.21
Mar 11 2008,11.91
Mar 10 2008,11.94
Mar 7 2008,12.01
Mar 6 2008,12.13
Mar 5 2008,11.71
Mar 4 2008,12.03
Mar 3 2008,11.76
Feb 29 2008,12.07
Feb 28 2008,12.06
Feb 27 2008,12.31
Feb 26 2008,12.27
Feb 25 2008,11.82
Feb 22 2008,11.67
Feb 21 2008,11.87
Feb 20 2008,11.99
Feb 19 2008,12.26
Feb 15 2008,11.74
Feb 14 2008,11.93
Feb 13 2008,11.79
Feb 12 2008,11.72
Feb 11 2008,11.70
Feb 8 2008,11.79
Feb 7 2008,11.00
Feb 6 2008,11.27
Feb 5 2008,11.57
Feb 4 2008,11.73
Feb 1 2008,11.64
Jan 31 2008,11.16
Jan 30 2008,11.43
Jan 29 2008,11.33
Jan 28 2008,11.00
Jan 25 2008,11.27
Jan 24 2008,11.18
Jan 23 2008,10.70
Jan 22 2008,10.72
Jan 18 2008,11.48
Jan 17 2008,11.45
Jan 16 2008,11.50
Jan 15 2008,11.91
Jan 14 2008,11.67
Jan 11 2008,11.53
Jan 10 2008,11.38
Jan 9 2008,11.80
Jan 8 2008,12.42
Jan 7 2008,12.02
Jan 4 2008,12.35
Jan 3 2008,12.69
Jan 2 2008,13.10
Dec 31 2007,12.77
Dec 28 2007,12.93
Dec 27 2007,12.73
Dec 26 2007,13.01
Dec 24 2007,13.06
Dec 21 2007,13.04
Dec 20 2007,12.92
Dec 19 2007,13.09
Dec 18 2007,13.15
Dec 17 2007,13.19
Dec 14 2007,13.28
Dec 13 2007,13.39
Dec 12 2007,13.24
Dec 11 2007,13.34
Dec 10 2007,13.40
Dec 7 2007,13.48
Dec 6 2007,13.47
Dec 5 2007,13.29
Dec 4 2007,13.08
Dec 3 2007,13.13
Nov 30 2007,13.15
Nov 29 2007,12.87
Nov 28 2007,12.77
Nov 27 2007,12.76
Nov 26 2007,13.03
Nov 23 2007,13.00
Nov 21 2007,12.75
Nov 20 2007,13.18
Nov 19 2007,13.17
Nov 16 2007,13.15
Nov 15 2007,13.49
Nov 14 2007,13.93
Nov 13 2007,13.59
Nov 12 2007,13.61
Nov 9 2007,13.64
Nov 8 2007,13.00
Nov 7 2007,13.12
Nov 6 2007,13.03
Nov 5 2007,13.16
Nov 2 2007,13.13
Nov 1 2007,13.38
Oct 31 2007,13.32
Oct 30 2007,13.40
Oct 29 2007,13.75
Oct 26 2007,13.71
Oct 25 2007,13.75
Oct 24 2007,13.82
Oct 23 2007,13.95
Oct 22 2007,13.88
Oct 19 2007,13.96
Oct 18 2007,13.96
Oct 17 2007,13.94
Oct 16 2007,14.09
Oct 15 2007,14.25
Oct 12 2007,14.09
Oct 11 2007,14.16
Oct 10 2007,14.04
Oct 9 2007,14.02
Oct 8 2007,14.09
Oct 5 2007,14.16
Oct 4 2007,13.94
Oct 3 2007,13.92
Oct 2 2007,13.94
Oct 1 2007,14.16
Sep 28 2007,14.28
Sep 27 2007,14.32
Sep 26 2007,14.17
Sep 25 2007,14.18
Sep 24 2007,14.40
Sep 21 2007,14.09
Sep 20 2007,14.48
Sep 19 2007,14.32
Sep 18 2007,14.14
Sep 17 2007,13.91
Sep 14 2007,13.90
Sep 13 2007,14.16
Sep 12 2007,13.98
Sep 11 2007,13.91
Sep 10 2007,14.13
Sep 7 2007,13.99
Sep 6 2007,14.16
Sep 5 2007,14.24
Sep 4 2007,14.17
Aug 31 2007,14.05
Aug 30 2007,13.88
Aug 29 2007,13.50
Aug 28 2007,13.82
Aug 27 2007,13.94
Aug 24 2007,13.90
Aug 23 2007,13.61
Aug 22 2007,13.60
Aug 21 2007,13.24
Aug 20 2007,13.45
Aug 17 2007,13.16
Aug 16 2007,12.91
Aug 15 2007,13.35
Aug 14 2007,13.60
Aug 13 2007,13.76
Aug 10 2007,13.77
Aug 9 2007,13.89
Aug 8 2007,14.39
Aug 7 2007,13.45
Aug 6 2007,13.90
Aug 3 2007,13.91
Aug 2 2007,14.25
Aug 1 2007,14.27
Jul 31 2007,13.88
Jul 30 2007,13.70
Jul 27 2007,13.95
Jul 26 2007,14.89
Jul 25 2007,14.54
Jul 24 2007,14.95
Jul 23 2007,14.78
Jul 20 2007,14.85
Jul 19 2007,14.50
Jul 18 2007,14.66
Jul 17 2007,14.61
Jul 16 2007,14.74
Jul 13 2007,14.75
Jul 12 2007,14.57
Jul 11 2007,14.56
Jul 10 2007,14.72
Jul 9 2007,14.90
Jul 6 2007,14.83
Jul 5 2007,14.87
Jul 3 2007,14.72
Jul 2 2007,14.81
Jun 29 2007,14.80
Jun 28 2007,14.86
Jun 27 2007,14.69
Jun 26 2007,15.12
Jun 25 2007,15.00
Jun 22 2007,15.06
Jun 21 2007,14.99
Jun 20 2007,15.18
Jun 19 2007,15.11
Jun 18 2007,14.98
Jun 15 2007,14.70
Jun 14 2007,14.89
Jun 13 2007,14.70
Jun 12 2007,14.81
Jun 11 2007,14.91
Jun 8 2007,14.76
Jun 7 2007,15.07
Jun 6 2007,15.16
Jun 5 2007,15.23
Jun 4 2007,15.13
Jun 1 2007,15.02
May 31 2007,15.08
May 30 2007,14.92
May 29 2007,15.00
May 25 2007,15.01
May 24 2007,15.09
May 23 2007,15.00
May 22 2007,14.98
May 21 2007,14.91
May 18 2007,14.69
May 17 2007,14.65
May 16 2007,14.53
May 15 2007,14.70
May 14 2007,14.74
May 11 2007,14.94
May 10 2007,15.13
May 9 2007,15.07
May 8 2007,14.76
May 7 2007,14.93
May 4 2007,14.87
May 3 2007,14.80
May 2 2007,14.73
May 1 2007,14.64
Apr 30 2007,14.82
Apr 27 2007,14.81
Apr 26 2007,14.75
Apr 25 2007,14.72
Apr 24 2007,14.73
Apr 23 2007,14.85
Apr 20 2007,14.96
Apr 19 2007,14.77
Apr 18 2007,14.61
Apr 17 2007,14.65
Apr 16 2007,14.77
Apr 13 2007,14.68
Apr 12 2007,15.10
Apr 11 2007,14.82
Apr 10 2007,14.86
Apr 9 2007,14.95
Apr 5 2007,14.91
Apr 4 2007,14.86
Apr 3 2007,14.85
Apr 2 2007,14.69
Mar 30 2007,14.65
Mar 29 2007,14.36
Mar 28 2007,14.39
Mar 27 2007,14.70
Mar 26 2007,14.81
Mar 23 2007,14.84
Mar 22 2007,14.50
Mar 21 2007,14.60
Mar 20 2007,14.51
Mar 19 2007,14.48
Mar 16 2007,14.37
Mar 15 2007,14.18
Mar 14 2007,14.05
Mar 13 2007,14.36
Mar 12 2007,14.47
Mar 9 2007,14.60
Mar 8 2007,14.53
Mar 7 2007,14.66
Mar 6 2007,14.37
Mar 5 2007,14.31
Mar 2 2007,14.85
Mar 1 2007,14.73
Feb 28 2007,15.14
Feb 27 2007,15.31
Feb 26 2007,15.48
Feb 23 2007,15.36
Feb 22 2007,15.21
Feb 21 2007,15.04
Feb 20 2007,15.06
Feb 16 2007,14.99
Feb 15 2007,14.99
Feb 14 2007,14.94
Feb 13 2007,14.70
Feb 12 2007,14.77
Feb 9 2007,14.91
Feb 8 2007,14.73
Feb 7 2007,14.80
Feb 6 2007,14.81
Feb 5 2007,14.75
Feb 2 2007,14.76
Feb 1 2007,14.88
Jan 31 2007,14.59
Jan 30 2007,14.58
Jan 29 2007,14.64
Jan 26 2007,14.42
Jan 25 2007,14.63
Jan 24 2007,14.53
Jan 23 2007,14.44
Jan 22 2007,14.70
Jan 19 2007,14.60
Jan 18 2007,15.20
Jan 17 2007,14.26
Jan 16 2007,14.21
Jan 12 2007,14.20
Jan 11 2007,14.04
Jan 10 2007,14.10
Jan 9 2007,14.12
Jan 8 2007,13.87
Jan 5 2007,14.00
Jan 4 2007,14.14
Jan 3 2007,14.21
Dec 29 2006,13.99
Dec 28 2006,13.80
Dec 27 2006,13.78
Dec 26 2006,13.78
Dec 22 2006,13.64
Dec 21 2006,13.93
Dec 20 2006,13.98
Dec 19 2006,14.09
Dec 18 2006,14.40
Dec 15 2006,14.28
Dec 14 2006,14.24
Dec 13 2006,14.28
Dec 12 2006,14.01
Dec 11 2006,14.13
Dec 8 2006,14.15
Dec 7 2006,14.09
Dec 6 2006,13.96
Dec 5 2006,13.93
Dec 4 2006,13.80
Dec 1 2006,13.95
Nov 30 2006,13.81
Nov 29 2006,13.60
Nov 28 2006,13.63
Nov 27 2006,13.89
Nov 24 2006,13.91
Nov 22 2006,13.98
Nov 21 2006,13.89
Nov 20 2006,13.82
Nov 17 2006,13.69
Nov 16 2006,13.71
Nov 15 2006,13.69
Nov 14 2006,13.74
Nov 13 2006,13.72
Nov 10 2006,13.60
Nov 9 2006,13.80
Nov 8 2006,13.72
Nov 7 2006,13.77
Nov 6 2006,13.63
Nov 3 2006,13.70
Nov 2 2006,13.84
Nov 1 2006,13.80
Oct 31 2006,13.99
Oct 30 2006,13.95
Oct 27 2006,13.90
Oct 26 2006,13.82
Oct 25 2006,13.74
Oct 24 2006,13.83
Oct 23 2006,13.66
Oct 20 2006,13.50
Oct 19 2006,13.56
Oct 18 2006,13.79
Oct 17 2006,13.60
Oct 16 2006,13.80
Oct 13 2006,13.60
Oct 12 2006,13.47
Oct 11 2006,13.44
Oct 10 2006,13.52
Oct 9 2006,13.42
Oct 6 2006,13.35
Oct 5 2006,13.70
Oct 4 2006,13.70
Oct 3 2006,13.43
Oct 2 2006,13.27
Sep 29 2006,13.00
Sep 28 2006,13.28
Sep 27 2006,13.36
Sep 26 2006,13.30
Sep 25 2006,13.05
Sep 22 2006,13.10
Sep 21 2006,13.17
Sep 20 2006,13.00
Sep 19 2006,12.85
Sep 18 2006,13.00
Sep 15 2006,13.17
Sep 14 2006,13.25
Sep 13 2006,13.34
Sep 12 2006,13.40
Sep 11 2006,13.35
Sep 8 2006,13.36
Sep 7 2006,13.31
Sep 6 2006,13.15
Sep 5 2006,13.39
Sep 1 2006,13.19
Aug 31 2006,13.00
Aug 30 2006,13.10
Aug 29 2006,13.16
Aug 28 2006,12.87
Aug 25 2006,12.93
Aug 24 2006,13.03
Aug 23 2006,12.73
Aug 22 2006,12.94
Aug 21 2006,12.98
Aug 18 2006,12.97
Aug 17 2006,12.90
Aug 16 2006,13.11
Aug 15 2006,13.08
Aug 14 2006,12.75
Aug 11 2006,12.54
Aug 10 2006,12.60
Aug 9 2006,13.08
Aug 8 2006,13.10
Aug 7 2006,13.00
Aug 4 2006,13.00
Aug 3 2006,12.61
Aug 2 2006,12.00
Aug 1 2006,12.50
Jul 31 2006,12.26
Jul 28 2006,12.00
Jul 27 2006,11.50
Jul 26 2006,11.26
Jul 25 2006,11.41
Jul 24 2006,11.43
Jul 21 2006,11.55
Jul 20 2006,11.70
Jul 19 2006,11.50
Jul 18 2006,11.50
Jul 17 2006,11.53
Jul 14 2006,11.64
Jul 13 2006,11.77
Jul 12 2006,11.85
Jul 11 2006,11.70
Jul 10 2006,11.66
Jul 7 2006,11.35
Jul 6 2006,11.50
Jul 5 2006,11.59
Jul 3 2006,11.41
Jun 30 2006,11.94
Jun 29 2006,11.74
Jun 28 2006,11.85
Jun 27 2006,11.91
Jun 26 2006,11.94
Jun 23 2006,12.00
Jun 22 2006,11.99
Jun 21 2006,11.97
Jun 20 2006,12.20
Jun 19 2006,12.10
Jun 16 2006,12.43
Jun 15 2006,12.38
Jun 14 2006,12.26
Jun 13 2006,12.34
Jun 12 2006,12.57
Jun 9 2006,12.48
Jun 8 2006,12.19
Jun 7 2006,12.75
Jun 6 2006,11.83
Jun 5 2006,12.22
Jun 2 2006,12.45
Jun 1 2006,12.37
May 31 2006,12.46
May 30 2006,12.57
May 26 2006,12.66
May 25 2006,12.74
May 24 2006,12.61
May 23 2006,12.85
May 22 2006,12.80
May 19 2006,13.01
May 18 2006,13.18
May 17 2006,13.00
May 16 2006,12.91
May 15 2006,13.20
May 12 2006,13.16
May 11 2006,13.19
May 10 2006,13.20
May 9 2006,13.16
May 8 2006,13.07
May 5 2006,12.91
May 4 2006,13.14
May 3 2006,13.17
May 2 2006,13.00
May 1 2006,13.03
Apr 28 2006,13.00
Apr 27 2006,13.00
Apr 26 2006,13.15
Apr 25 2006,13.48
Apr 24 2006,13.36
Apr 21 2006,13.54
Apr 20 2006,13.44
Apr 19 2006,13.27
Apr 18 2006,13.11
Apr 17 2006,13.14
Apr 13 2006,13.06
Apr 12 2006,12.98
Apr 11 2006,13.03
Apr 10 2006,13.20
Apr 7 2006,13.36
Apr 6 2006,13.37
Apr 5 2006,13.28
Apr 4 2006,13.11
Apr 3 2006,13.16
Mar 31 2006,12.94
Mar 30 2006,13.18
Mar 29 2006,13.02
Mar 28 2006,13.18
Mar 27 2006,13.24
Mar 24 2006,13.29
Mar 23 2006,13.18
Mar 22 2006,13.16
Mar 21 2006,13.06
Mar 20 2006,12.90
Mar 17 2006,12.73
Mar 16 2006,12.58
Mar 15 2006,12.62
Mar 14 2006,12.57
Mar 13 2006,12.54
Mar 10 2006,12.28
Mar 9 2006,12.32
Mar 8 2006,12.45
Mar 7 2006,12.65
Mar 6 2006,11.90
Mar 3 2006,12.35
Mar 2 2006,12.47
Mar 1 2006,12.38
Feb 28 2006,12.04
Feb 27 2006,12.05
Feb 24 2006,12.15
Feb 23 2006,12.00
Feb 22 2006,11.93
Feb 21 2006,12.00
Feb 17 2006,11.90
Feb 16 2006,11.73
Feb 15 2006,11.74
Feb 14 2006,11.68
Feb 13 2006,11.75
Feb 10 2006,11.83
Feb 9 2006,11.71
Feb 8 2006,11.78
Feb 7 2006,11.80
Feb 6 2006,11.83
Feb 3 2006,11.54
Feb 2 2006,11.75
Feb 1 2006,11.83
Jan 31 2006,11.80
Jan 30 2006,11.93
Jan 27 2006,11.76
Jan 26 2006,11.75
Jan 25 2006,11.77
Jan 24 2006,11.83
Jan 23 2006,11.77
Jan 20 2006,12.12
Jan 19 2006,11.93
Jan 18 2006,11.82
Jan 17 2006,12.00
Jan 13 2006,11.80
Jan 12 2006,11.95
Jan 11 2006,12.01
Jan 10 2006,12.04
Jan 9 2006,12.25
Jan 6 2006,12.19
Jan 5 2006,12.08
Jan 4 2006,11.94
Jan 3 2006,11.41
Dec 30 2005,11.50
Dec 29 2005,11.50
Dec 28 2005,11.87
Dec 27 2005,11.97
Dec 23 2005,11.97
Dec 22 2005,11.95
Dec 21 2005,11.98
Dec 20 2005,11.95
Dec 19 2005,12.11
Dec 16 2005,12.12
Dec 15 2005,12.28
Dec 14 2005,12.25
Dec 13 2005,12.20
Dec 12 2005,12.25
Dec 9 2005,12.35
Dec 8 2005,12.04
Dec 7 2005,12.13
Dec 6 2005,12.22
Dec 5 2005,12.19
Dec 2 2005,12.31
Dec 1 2005,12.24
Nov 30 2005,11.95
Nov 29 2005,11.83
Nov 28 2005,11.55
Nov 25 2005,11.59
Nov 23 2005,11.53
Nov 22 2005,11.50
Nov 21 2005,11.53
Nov 18 2005,11.97
Nov 17 2005,11.96
Nov 16 2005,12.00
Nov 15 2005,12.25
Nov 14 2005,12.45
Nov 11 2005,12.22
Nov 10 2005,12.50
Nov 9 2005,12.70
Nov 8 2005,12.54
Nov 7 2005,12.33
Nov 4 2005,12.60
Nov 3 2005,12.85
Nov 2 2005,12.46
Nov 1 2005,12.74
Oct 31 2005,12.55
Oct 28 2005,12.27
Oct 27 2005,12.40
Oct 26 2005,12.50
Oct 25 2005,12.56
Oct 24 2005,12.59
Oct 21 2005,12.46
Oct 20 2005,12.27
Oct 19 2005,12.25
Oct 18 2005,12.58
Oct 17 2005,12.50
Oct 14 2005,12.45
Oct 13 2005,12.54
Oct 12 2005,12.40
Oct 11 2005,12.70
Oct 10 2005,12.81
Oct 7 2005,12.90
Oct 6 2005,13.12
Oct 5 2005,13.49
Oct 4 2005,13.67
Oct 3 2005,13.68
Sep 30 2005,13.74
Sep 29 2005,13.78
Sep 28 2005,14.05
Sep 27 2005,14.23
Sep 26 2005,14.10
Sep 23 2005,14.05
Sep 22 2005,14.06
Sep 21 2005,14.06
Sep 20 2005,14.07
Sep 19 2005,14.03
Sep 16 2005,14.24
Sep 15 2005,14.13
Sep 14 2005,14.00
Sep 13 2005,14.05
Sep 12 2005,14.08
Sep 9 2005,13.82
Sep 8 2005,13.98
Sep 7 2005,14.00
Sep 6 2005,13.97
Sep 2 2005,13.99
Sep 1 2005,13.97
Aug 31 2005,13.93
Aug 30 2005,13.92
Aug 29 2005,13.75
Aug 26 2005,13.80
Aug 25 2005,13.77
Aug 24 2005,13.77
Aug 23 2005,13.77
Aug 22 2005,13.63
Aug 19 2005,13.56
Aug 18 2005,13.67
Aug 17 2005,13.64
Aug 16 2005,13.59
Aug 15 2005,13.76
Aug 12 2005,13.85
Aug 11 2005,13.80
Aug 10 2005,13.95
Aug 9 2005,13.92
Aug 8 2005,13.68
Aug 5 2005,13.87
Aug 4 2005,13.90
Aug 3 2005,13.90
Aug 2 2005,13.76
Aug 1 2005,13.97
Jul 29 2005,14.00
Jul 28 2005,14.15
Jul 27 2005,13.66
Jul 26 2005,13.64
Jul 25 2005,13.75
Jul 22 2005,13.79
Jul 21 2005,13.87
Jul 20 2005,13.90
Jul 19 2005,13.98
Jul 18 2005,14.10
Jul 15 2005,13.96
Jul 14 2005,14.00
Jul 13 2005,14.00
Jul 12 2005,14.00
Jul 11 2005,14.03
Jul 8 2005,13.79
Jul 7 2005,13.76
Jul 6 2005,13.74
Jul 5 2005,13.82
Jul 1 2005,13.78
Jun 30 2005,13.80
Jun 29 2005,13.50
Jun 28 2005,13.72
Jun 27 2005,14.00
Jun 24 2005,13.83
Jun 23 2005,14.10
Jun 22 2005,14.13
Jun 21 2005,14.02
Jun 20 2005,14.17
Jun 17 2005,14.55
Jun 16 2005,14.20
Jun 15 2005,14.25
Jun 14 2005,14.21
Jun 13 2005,14.17
Jun 10 2005,14.14
Jun 9 2005,14.12
Jun 8 2005,14.14
Jun 7 2005,14.32
Jun 6 2005,14.40
Jun 3 2005,14.32
Jun 2 2005,14.05
Jun 1 2005,13.70
May 31 2005,13.67
May 27 2005,13.48
May 26 2005,13.30
May 25 2005,13.20
May 24 2005,13.60
May 23 2005,13.78
May 20 2005,13.67
May 19 2005,13.45
May 18 2005,13.25
May 17 2005,13.14
May 16 2005,13.07
May 13 2005,13.35
May 12 2005,13.55
May 11 2005,13.32
May 10 2005,13.65
May 9 2005,13.48
May 6 2005,13.30
May 5 2005,13.26
May 4 2005,13.14
May 3 2005,13.10
May 2 2005,13.50
Apr 29 2005,13.10
Apr 28 2005,13.30
Apr 27 2005,12.96
Apr 26 2005,13.35
Apr 25 2005,13.20
Apr 22 2005,13.95
Apr 21 2005,14.55
Apr 20 2005,14.25
Apr 19 2005,14.10
Apr 18 2005,14.32
Apr 15 2005,14.43
Apr 14 2005,14.45
Apr 13 2005,14.40
Apr 12 2005,14.50
Apr 11 2005,14.45
Apr 8 2005,14.65
Apr 7 2005,14.60
Apr 6 2005,14.83
Apr 5 2005,14.40
Apr 4 2005,14.40
Apr 1 2005,14.47
Mar 31 2005,15.02
Mar 30 2005,15.00
Mar 29 2005,14.42
Mar 28 2005,14.70
Mar 24 2005,14.57
Mar 23 2005,15.00
Mar 22 2005,14.98
Mar 21 2005,15.24
Mar 18 2005,14.77
Mar 17 2005,14.82
Mar 16 2005,14.93
Mar 15 2005,14.95
Mar 14 2005,15.20
Mar 11 2005,15.30
Mar 10 2005,15.45
Mar 9 2005,15.50
Mar 8 2005,15.85
Mar 7 2005,15.71
Mar 4 2005,15.49
Mar 3 2005,15.60
Mar 2 2005,15.63
Mar 1 2005,15.61
Feb 28 2005,15.65
Feb 25 2005,15.62
Feb 24 2005,15.68
Feb 23 2005,15.56
Feb 22 2005,15.90
Feb 18 2005,15.88
Feb 17 2005,15.93
Feb 16 2005,15.40
Feb 15 2005,15.51
Feb 14 2005,15.50
Feb 11 2005,15.42
Feb 10 2005,15.34
Feb 9 2005,15.55
Apr 27 2005,12.96
Apr 26 2005,13.35
Apr 25 2005,13.20
Apr 22 2005,13.95
Apr 21 2005,14.55
Apr 20 2005,14.25
Apr 19 2005,14.10
Apr 18 2005,14.32
Apr 15 2005,14.43
Apr 14 2005,14.45
Apr 13 2005,14.40
Apr 12 2005,14.50
Apr 11 2005,14.45
Apr 8 2005,14.65
Apr 7 2005,14.60
Apr 6 2005,14.83
Apr 5 2005,14.40
Apr 4 2005,14.40
Apr 1 2005,14.47
Mar 31 2005,15.02
Mar 30 2005,15.00
Mar 29 2005,14.42
Mar 28 2005,14.70
Mar 24 2005,14.57
Mar 23 2005,15.00
Mar 22 2005,14.98
Mar 21 2005,15.24
Mar 18 2005,14.77
Mar 17 2005,14.82
Mar 16 2005,14.93
Mar 15 2005,14.95
Mar 14 2005,15.20
Mar 11 2005,15.30
Mar 10 2005,15.45
Mar 9 2005,15.50
Mar 8 2005,15.85
Mar 7 2005,15.71
Mar 4 2005,15.49
Mar 3 2005,15.60
Mar 2 2005,15.63
Mar 1 2005,15.61
Feb 28 2005,15.65
Feb 25 2005,15.62
Feb 24 2005,15.68
Feb 23 2005,15.56
Feb 22 2005,15.90
Feb 18 2005,15.88
Feb 17 2005,15.93
Feb 16 2005,15.40
Feb 15 2005,15.51
Feb 14 2005,15.50
Feb 11 2005,15.42
Feb 10 2005,15.34
Feb 9 2005,15.55
